OrderID,Date,CustomerID,Quantity,UnitPrice,ShippingAddress,TrackingNumber,ItemsInCart,CouponCode,TotalPrice,price_to_cart_ratio,order_month,has_coupon,discount_tier,Product_Desk,Product_Laptop,Product_Monitor,Product_Phone,Product_Printer,Product_Tablet,PaymentMethod_Credit Card,PaymentMethod_Debit Card,PaymentMethod_Gift Card,PaymentMethod_Online,OrderStatus_Delivered,OrderStatus_Pending,OrderStatus_Returned,OrderStatus_Shipped,ReferralSource_Facebook,ReferralSource_Google,ReferralSource_Instagram,ReferralSource_Referral
ORD200000,2023-01-04,C72649,5,570.62,928 Main St,TRK37947903,7,SAVE10,2853.1,81.51714285714286,1,1,10.0,0,0,1,0,0,0,0,1,0,0,0,0,0,1,0,0,1,0
ORD200001,2024-08-23,C75739,2,151.35,823 Main St,TRK91186779,3,SAVE10,302.7,50.449999999999996,8,1,10.0,0,0,0,1,0,0,0,0,0,1,0,0,0,1,0,0,0,1
ORD200002,2024-02-27,C81728,5,550.68,512 Main St,TRK42903982,8,FREESHIP,2753.4,68.835,2,1,0.0,0,0,0,0,0,1,1,0,0,0,0,0,0,0,0,0,0,0
ORD200003,2023-10-15,C33540,1,273.19,275 Main St,TRK62788070,5,SAVE10,273.19,54.638,10,1,10.0,0,0,0,0,0,0,0,1,0,0,0,0,1,0,1,0,0,0
ORD200004,2025-05-08,C81840,4,626.01,668 Main St,TRK29241424,8,SAVE10,2504.04,78.25125,5,1,10.0,0,0,0,0,1,0,0,0,0,1,1,0,0,0,0,0,0,0
ORD200005,2023-10-23,C37249,2,245.86,934 Main St,TRK72976927,4,SAVE10,491.72,61.465,10,1,10.0,0,0,0,1,0,0,1,0,0,0,0,0,0,1,0,0,1,0
ORD200006,2025-06-17,C83492,1,664.42,986 Main St,TRK96417362,6,SAVE10,664.42,110.73666666666666,6,1,10.0,0,1,0,0,0,0,0,0,1,0,0,0,1,0,1,0,0,0
ORD200007,2023-05-12,C41460,5,149.55,706 Main St,TRK78809193,9,FREESHIP,747.75,16.616666666666667,5,1,0.0,0,0,1,0,0,0,0,0,0,0,0,0,0,1,1,0,0,0
ORD200008,2025-04-02,C26817,2,134.28,904 Main St,TRK61042692,2,MISSING,268.56,67.14,4,0,0.0,0,0,0,1,0,0,0,0,1,0,0,0,0,0,0,0,0,0
ORD200009,2023-11-21,C31946,4,509.38,102 Main St,TRK33478363,6,SAVE10,2037.52,84.89666666666666,11,1,10.0,1,0,0,0,0,0,1,0,0,0,0,0,0,1,0,1,0,0
ORD200010,2023-12-29,C43443,5,625.97,333 Main St,TRK98859248,9,WINTER15,3129.85,69.55222222222223,12,1,15.0,0,0,0,0,0,1,1,0,0,0,0,0,1,0,0,0,1,0
ORD200011,2024-02-17,C93861,3,49.14,831 Main St,TRK48234646,7,SAVE10,147.42,7.0200000000000005,2,1,10.0,0,0,1,0,0,0,0,0,0,1,0,0,1,0,0,0,0,0
ORD200012,2024-10-15,C38785,2,180.5,179 Main St,TRK20419991,6,FREESHIP,361.0,30.083333333333332,10,1,0.0,0,0,1,0,0,0,0,1,0,0,0,1,0,0,0,0,0,1
ORD200013,2023-08-30,C88348,3,201.49,903 Main St,TRK81913874,4,FREESHIP,604.47,50.3725,8,1,0.0,0,1,0,0,0,0,1,0,0,0,0,0,1,0,1,0,0,0
ORD200014,2023-03-27,C98474,2,393.33,980 Main St,TRK79186539,3,SAVE10,786.66,131.10999999999999,3,1,10.0,0,0,0,0,0,1,0,1,0,0,0,1,0,0,0,0,1,0
ORD200015,2023-07-17,C39416,1,473.96,942 Main St,TRK54930938,3,MISSING,473.96,157.98666666666665,7,0,0.0,0,0,0,0,1,0,0,0,0,0,1,0,0,0,0,1,0,0
ORD200016,2023-01-24,C28976,2,533.81,914 Main St,TRK13194259,3,FREESHIP,1067.62,177.93666666666664,1,1,0.0,0,0,0,0,1,0,1,0,0,0,0,1,0,0,0,0,0,0
ORD200017,2024-03-02,C60672,1,423.4,382 Main St,TRK11972116,3,MISSING,423.4,141.13333333333333,3,0,0.0,0,0,0,0,0,1,0,1,0,0,0,0,0,1,0,0,0,1
ORD200018,2025-03-26,C84329,1,431.44,891 Main St,TRK65191045,3,SAVE10,431.44,143.81333333333333,3,1,10.0,1,0,0,0,0,0,0,0,1,0,0,1,0,0,1,0,0,0
ORD200019,2023-01-23,C14552,5,224.0,273 Main St,TRK59101365,9,SAVE10,1120.0,24.88888888888889,1,1,10.0,0,0,1,0,0,0,0,0,0,0,0,0,1,0,0,1,0,0
ORD200020,2023-05-08,C54829,5,62.51,587 Main St,TRK16718651,9,WINTER15,312.55,6.945555555555555,5,1,15.0,0,0,0,0,0,0,0,0,0,0,0,1,0,0,0,0,1,0
ORD200021,2024-11-17,C99023,4,342.95,569 Main St,TRK52646983,6,MISSING,1371.8,57.15833333333333,11,0,0.0,0,0,1,0,0,0,0,0,0,0,1,0,0,0,0,1,0,0
ORD200022,2023-01-29,C34416,2,49.62,633 Main St,TRK75937350,2,SAVE10,99.24,24.81,1,1,10.0,0,0,1,0,0,0,0,0,0,1,0,1,0,0,0,1,0,0
ORD200023,2025-04-09,C42372,4,273.25,755 Main St,TRK36168083,5,FREESHIP,1093.0,54.65,4,1,0.0,0,0,0,1,0,0,0,1,0,0,0,0,0,0,0,0,0,1
ORD200024,2024-10-30,C17470,2,230.95,956 Main St,TRK28775057,3,WINTER15,461.9,76.98333333333333,10,1,15.0,0,1,0,0,0,0,0,0,0,1,1,0,0,0,0,0,0,1
ORD200025,2024-07-24,C42577,1,399.98,709 Main St,TRK69423327,3,WINTER15,399.98,133.32666666666668,7,1,15.0,0,0,1,0,0,0,0,1,0,0,1,0,0,0,0,0,0,0
ORD200026,2024-03-06,C21944,5,59.55,296 Main St,TRK80276812,6,MISSING,297.75,9.924999999999999,3,0,0.0,0,1,0,0,0,0,0,0,0,1,1,0,0,0,0,0,0,1
ORD200027,2024-02-22,C97593,1,472.74,881 Main St,TRK89117573,6,WINTER15,472.74,78.79,2,1,15.0,0,0,0,0,1,0,0,0,0,1,0,0,0,1,0,1,0,0
ORD200028,2023-11-21,C59823,4,160.07,568 Main St,TRK65895539,5,MISSING,640.28,32.013999999999996,11,0,0.0,0,0,0,1,0,0,0,0,0,1,0,1,0,0,0,0,0,0
ORD200029,2024-09-20,C33260,3,423.53,930 Main St,TRK59744090,6,SAVE10,1270.59,70.58833333333332,9,1,10.0,1,0,0,0,0,0,1,0,0,0,1,0,0,0,0,0,0,1
ORD200030,2025-03-22,C44267,2,426.7,895 Main St,TRK54751444,5,SAVE10,853.4,85.34,3,1,10.0,0,0,1,0,0,0,0,0,0,1,0,1,0,0,0,0,0,1
ORD200031,2023-06-30,C26445,3,500.08,996 Main St,TRK31229981,6,MISSING,1500.24,83.34666666666666,6,0,0.0,0,0,0,0,0,0,0,1,0,0,0,0,1,0,1,0,0,0
ORD200032,2023-05-01,C12388,5,536.72,830 Main St,TRK99261395,10,MISSING,2683.6,53.672000000000004,5,0,0.0,0,0,0,0,0,1,0,0,0,0,1,0,0,0,0,0,0,0
ORD200033,2023-06-05,C52184,1,162.77,912 Main St,TRK73312471,4,WINTER15,162.77,40.6925,6,1,15.0,0,0,0,0,0,0,0,0,0,1,0,0,0,0,1,0,0,0
ORD200034,2023-01-07,C67195,4,576.52,926 Main St,TRK55467915,5,WINTER15,2306.08,115.304,1,1,15.0,0,0,0,0,0,0,1,0,0,0,0,1,0,0,1,0,0,0
ORD200035,2024-12-07,C50304,2,465.15,128 Main St,TRK46850888,2,SAVE10,930.3,232.575,12,1,10.0,0,0,1,0,0,0,0,0,0,1,0,0,0,1,1,0,0,0
ORD200036,2025-05-08,C59337,2,534.43,465 Main St,TRK50961250,5,MISSING,1068.86,106.886,5,0,0.0,0,1,0,0,0,0,0,1,0,0,0,1,0,0,1,0,0,0
ORD200037,2024-10-14,C10054,2,76.74,409 Main St,TRK94005261,7,SAVE10,153.48,10.962857142857143,10,1,10.0,0,1,0,0,0,0,0,0,0,0,0,0,1,0,0,0,1,0
ORD200038,2024-12-19,C15924,1,245.89,549 Main St,TRK14835975,3,SAVE10,245.89,81.96333333333332,12,1,10.0,0,1,0,0,0,0,0,1,0,0,1,0,0,0,0,1,0,0
ORD200039,2025-02-27,C96664,3,256.46,666 Main St,TRK85508960,4,SAVE10,769.38,64.115,2,1,10.0,0,0,0,0,1,0,1,0,0,0,1,0,0,0,0,0,0,1
ORD200040,2023-08-20,C84766,2,344.02,267 Main St,TRK78967923,4,FREESHIP,688.04,86.005,8,1,0.0,1,0,0,0,0,0,0,0,0,1,1,0,0,0,0,0,1,0
ORD200041,2023-12-05,C20212,3,611.45,657 Main St,TRK69733327,4,FREESHIP,1834.35,152.8625,12,1,0.0,0,0,1,0,0,0,0,0,1,0,0,1,0,0,0,0,1,0
ORD200042,2024-05-06,C28712,2,151.66,980 Main St,TRK40772558,6,MISSING,303.32,25.276666666666667,5,0,0.0,0,0,0,0,1,0,0,0,0,0,0,0,0,0,0,0,1,0
ORD200043,2023-12-14,C60572,3,499.21,871 Main St,TRK20351666,8,MISSING,1497.63,62.40125,12,0,0.0,0,0,0,0,0,0,0,0,0,1,0,0,0,0,0,0,1,0
ORD200044,2025-04-21,C73225,2,550.18,996 Main St,TRK73848522,3,FREESHIP,1100.36,183.39333333333332,4,1,0.0,0,0,0,1,0,0,0,0,1,0,0,0,1,0,0,0,0,1
ORD200045,2024-02-10,C17388,1,317.25,157 Main St,TRK47077395,1,SAVE10,317.25,317.25,2,1,10.0,0,0,0,0,0,0,0,1,0,0,0,0,1,0,1,0,0,0
ORD200046,2024-06-26,C43212,4,550.14,223 Main St,TRK25100762,4,FREESHIP,2200.56,137.535,6,1,0.0,0,0,1,0,0,0,0,1,0,0,0,1,0,0,0,0,1,0
ORD200047,2023-07-19,C38134,2,209.94,323 Main St,TRK42450754,3,FREESHIP,419.88,69.98,7,1,0.0,1,0,0,0,0,0,1,0,0,0,0,0,1,0,0,0,0,0
ORD200048,2023-08-26,C12408,2,80.77,464 Main St,TRK38938858,4,MISSING,161.54,20.1925,8,0,0.0,0,0,1,0,0,0,0,1,0,0,0,0,0,1,0,1,0,0
ORD200049,2023-10-07,C11985,1,30.44,633 Main St,TRK53272402,1,SAVE10,30.44,30.44,10,1,10.0,0,0,0,0,1,0,1,0,0,0,0,0,0,1,0,0,0,0
ORD200050,2023-07-31,C96494,1,179.22,446 Main St,TRK14675049,6,FREESHIP,179.22,29.87,7,1,0.0,0,0,0,0,0,1,0,0,0,1,0,0,0,0,0,0,1,0
ORD200051,2024-12-30,C36778,1,388.33,434 Main St,TRK67610289,2,SAVE10,388.33,194.165,12,1,10.0,0,0,0,0,0,1,0,0,0,0,0,0,1,0,1,0,0,0
ORD200052,2024-09-08,C30513,1,586.44,232 Main St,TRK64320429,5,SAVE10,586.44,117.28800000000001,9,1,10.0,0,0,0,0,0,1,0,0,0,1,0,0,1,0,1,0,0,0
ORD200053,2024-05-18,C67551,4,488.78,512 Main St,TRK94992552,5,FREESHIP,1955.12,97.756,5,1,0.0,0,0,0,1,0,0,0,0,0,1,0,0,1,0,0,1,0,0
ORD200054,2025-03-27,C48120,1,280.25,623 Main St,TRK11014449,5,WINTER15,280.25,56.05,3,1,15.0,0,0,0,0,0,0,0,0,0,1,0,1,0,0,0,0,0,0
ORD200055,2025-06-24,C95984,3,344.4,565 Main St,TRK67434829,3,MISSING,1033.2,114.8,6,0,0.0,0,0,0,0,1,0,0,0,0,1,0,0,0,0,1,0,0,0
ORD200056,2023-05-21,C54298,3,479.21,566 Main St,TRK62902341,5,WINTER15,1437.63,95.842,5,1,15.0,0,0,0,0,0,1,0,0,0,0,0,0,0,0,0,0,0,1
ORD200057,2023-01-22,C88036,5,314.27,842 Main St,TRK52470128,6,SAVE10,1571.35,52.37833333333333,1,1,10.0,0,0,0,0,1,0,0,0,0,0,0,0,1,0,0,0,1,0
ORD200058,2023-01-15,C60190,4,474.69,202 Main St,TRK70857868,6,SAVE10,1898.76,79.115,1,1,10.0,0,0,0,1,0,0,0,0,1,0,0,0,0,0,0,1,0,0
ORD200059,2024-09-11,C97603,4,593.27,811 Main St,TRK47055028,5,MISSING,2373.08,118.654,9,0,0.0,0,0,0,0,0,0,0,0,0,1,0,0,0,1,1,0,0,0
ORD200060,2024-08-21,C39256,1,417.1,634 Main St,TRK23412025,3,FREESHIP,417.1,139.03333333333333,8,1,0.0,1,0,0,0,0,0,0,1,0,0,0,0,1,0,0,0,0,1
ORD200061,2024-03-24,C61618,4,122.2,104 Main St,TRK43458485,7,FREESHIP,488.8,17.45714285714286,3,1,0.0,1,0,0,0,0,0,0,0,0,0,1,0,0,0,1,0,0,0
ORD200062,2023-08-22,C36497,2,43.15,691 Main St,TRK12102911,3,WINTER15,86.3,14.383333333333333,8,1,15.0,1,0,0,0,0,0,0,1,0,0,0,1,0,0,0,0,0,0
ORD200063,2025-02-02,C96695,1,564.86,813 Main St,TRK64283851,6,WINTER15,564.86,94.14333333333333,2,1,15.0,0,0,0,0,0,0,0,1,0,0,0,0,0,1,0,0,0,1
ORD200064,2025-06-25,C49720,3,130.61,752 Main St,TRK55785217,4,FREESHIP,391.83,32.6525,6,1,0.0,0,0,0,0,1,0,0,1,0,0,0,0,0,0,1,0,0,0
ORD200065,2023-12-30,C97735,5,81.7,385 Main St,TRK13743703,6,MISSING,408.5,13.616666666666667,12,0,0.0,0,0,1,0,0,0,1,0,0,0,1,0,0,0,0,0,1,0
ORD200066,2024-11-15,C18104,5,127.18,715 Main St,TRK15488568,9,SAVE10,635.9,14.131111111111112,11,1,10.0,0,0,0,0,0,0,0,0,0,0,0,0,0,0,0,0,0,1
ORD200067,2024-12-09,C25587,4,12.1,440 Main St,TRK55105323,8,MISSING,48.4,1.5125,12,0,0.0,0,0,0,0,1,0,0,1,0,0,0,0,0,0,0,1,0,0
ORD200068,2023-12-11,C41598,3,490.92,709 Main St,TRK81665940,5,FREESHIP,1472.76,98.184,12,1,0.0,0,0,0,0,0,0,1,0,0,0,0,1,0,0,0,0,0,0
ORD200069,2023-05-11,C43338,3,478.65,552 Main St,TRK35241775,4,MISSING,1435.95,119.6625,5,0,0.0,0,0,1,0,0,0,0,0,0,1,0,0,0,1,0,0,0,1
ORD200070,2023-05-26,C25123,1,629.21,384 Main St,TRK27812282,2,FREESHIP,629.21,314.605,5,1,0.0,1,0,0,0,0,0,0,0,1,0,0,1,0,0,0,0,1,0
ORD200071,2025-06-10,C37454,3,434.45,923 Main St,TRK28252730,4,MISSING,1303.35,108.6125,6,0,0.0,0,0,1,0,0,0,1,0,0,0,0,1,0,0,0,0,0,1
ORD200072,2024-12-22,C19451,4,589.44,942 Main St,TRK87787793,5,MISSING,2357.76,117.888,12,0,0.0,0,0,0,0,0,1,0,0,1,0,0,0,1,0,1,0,0,0
ORD200073,2023-05-03,C17269,4,433.45,129 Main St,TRK79608389,4,MISSING,1733.8,108.3625,5,0,0.0,0,0,1,0,0,0,0,0,1,0,0,0,0,0,1,0,0,0
ORD200074,2023-06-24,C25382,5,90.87,622 Main St,TRK64691287,5,MISSING,454.35,18.174,6,0,0.0,0,0,0,1,0,0,0,0,0,0,0,1,0,0,0,0,1,0
ORD200075,2023-09-26,C80651,3,398.17,917 Main St,TRK14846720,5,SAVE10,1194.51,79.634,9,1,10.0,0,0,0,0,0,1,0,1,0,0,1,0,0,0,0,0,0,0
ORD200076,2024-03-31,C58638,4,382.88,239 Main St,TRK38224871,6,WINTER15,1531.52,63.81333333333333,3,1,15.0,0,1,0,0,0,0,0,0,0,0,0,0,0,0,0,0,0,0
ORD200077,2024-05-24,C50121,1,583.18,348 Main St,TRK79810059,5,MISSING,583.18,116.636,5,0,0.0,0,0,0,1,0,0,1,0,0,0,0,0,1,0,0,1,0,0
ORD200078,2024-08-06,C32029,4,175.36,146 Main St,TRK68535532,4,FREESHIP,701.44,43.84,8,1,0.0,0,0,0,0,1,0,0,1,0,0,1,0,0,0,0,0,1,0
ORD200079,2025-03-10,C76700,2,311.91,103 Main St,TRK13036341,2,MISSING,623.82,155.955,3,0,0.0,0,0,0,0,0,1,0,0,0,1,0,0,0,1,1,0,0,0
ORD200080,2023-06-27,C29041,3,589.56,591 Main St,TRK28840655,6,MISSING,1768.68,98.25999999999999,6,0,0.0,0,0,0,1,0,0,0,0,0,1,0,0,1,0,1,0,0,0
ORD200081,2023-06-08,C29314,2,394.3,496 Main St,TRK59876213,6,FREESHIP,788.6,65.71666666666667,6,1,0.0,0,0,1,0,0,0,0,0,0,0,0,0,0,1,0,0,0,0
ORD200082,2024-01-05,C65799,4,565.2,971 Main St,TRK66906607,9,SAVE10,2260.8,62.800000000000004,1,1,10.0,0,0,0,0,0,1,0,1,0,0,0,0,0,1,0,1,0,0
ORD200083,2023-08-22,C15681,4,540.41,989 Main St,TRK75112172,6,MISSING,2161.64,90.06833333333333,8,0,0.0,0,1,0,0,0,0,1,0,0,0,0,0,0,0,0,0,0,1
ORD200084,2023-08-28,C64160,2,165.49,967 Main St,TRK34121529,4,WINTER15,330.98,41.3725,8,1,15.0,0,0,1,0,0,0,0,0,0,1,0,0,0,1,0,0,1,0
ORD200085,2024-09-09,C14553,3,146.73,768 Main St,TRK93538334,8,FREESHIP,440.19,18.34125,9,1,0.0,0,0,0,0,0,1,0,0,0,0,1,0,0,0,0,0,0,0
ORD200086,2024-06-19,C88205,5,643.03,447 Main St,TRK93504166,5,FREESHIP,3215.15,128.606,6,1,0.0,0,0,0,0,1,0,0,0,0,1,0,0,0,0,0,0,0,1
ORD200087,2024-10-10,C91245,3,225.11,915 Main St,TRK46976391,4,SAVE10,675.33,56.2775,10,1,10.0,0,0,0,0,0,1,0,0,0,0,0,0,0,1,1,0,0,0
ORD200088,2025-06-05,C75439,3,114.81,318 Main St,TRK19831653,7,MISSING,344.43,16.40142857142857,6,0,0.0,1,0,0,0,0,0,0,0,1,0,0,0,0,0,0,1,0,0
ORD200089,2025-02-25,C17181,5,455.33,291 Main St,TRK78912978,8,FREESHIP,2276.65,56.91625,2,1,0.0,0,0,0,0,1,0,1,0,0,0,0,0,0,0,0,1,0,0
ORD200090,2023-09-18,C36540,4,182.08,611 Main St,TRK35828122,4,SAVE10,728.32,45.52,9,1,10.0,0,0,0,0,0,0,0,0,1,0,1,0,0,0,0,0,0,0
ORD200091,2023-03-15,C98216,5,492.75,196 Main St,TRK40986666,6,WINTER15,2463.75,82.125,3,1,15.0,0,1,0,0,0,0,0,0,0,0,0,0,0,1,0,0,0,1
ORD200092,2024-06-10,C29568,4,48.61,203 Main St,TRK46531075,7,FREESHIP,194.44,6.944285714285714,6,1,0.0,0,0,0,0,1,0,0,0,0,1,0,0,0,1,1,0,0,0
ORD200093,2023-01-14,C97262,4,431.01,837 Main St,TRK65990229,7,MISSING,1724.04,61.57285714285714,1,0,0.0,1,0,0,0,0,0,1,0,0,0,0,0,1,0,0,0,0,1
ORD200094,2023-02-11,C79821,1,531.18,781 Main St,TRK12780193,6,WINTER15,531.18,88.52999999999999,2,1,15.0,0,0,0,0,0,0,0,0,1,0,0,0,1,0,0,0,1,0
ORD200095,2023-03-24,C76761,4,117.51,839 Main St,TRK60179774,7,MISSING,470.04,16.787142857142857,3,0,0.0,0,0,0,0,1,0,0,1,0,0,0,0,1,0,0,0,0,1
ORD200096,2024-06-01,C93007,2,232.83,103 Main St,TRK85696091,7,MISSING,465.66,33.261428571428574,6,0,0.0,0,0,0,1,0,0,0,0,1,0,1,0,0,0,0,0,1,0
ORD200097,2025-01-21,C15624,5,619.52,922 Main St,TRK40621141,9,MISSING,3097.6,68.83555555555556,1,0,0.0,0,0,0,0,0,1,0,1,0,0,0,1,0,0,0,0,0,0
ORD200098,2023-01-14,C70921,2,228.54,533 Main St,TRK54983109,3,MISSING,457.08,76.17999999999999,1,0,0.0,0,0,0,0,1,0,0,1,0,0,0,1,0,0,0,0,0,0
ORD200099,2025-04-12,C30477,1,201.58,717 Main St,TRK51829648,2,WINTER15,201.58,100.79,4,1,15.0,0,0,0,0,1,0,0,1,0,0,0,0,0,0,0,0,0,0
ORD200100,2023-02-17,C74866,3,664.79,743 Main St,TRK53783265,6,MISSING,1994.37,110.79833333333333,2,0,0.0,0,0,0,1,0,0,0,0,0,1,1,0,0,0,1,0,0,0
ORD200101,2023-11-25,C15283,1,381.02,152 Main St,TRK19286291,6,MISSING,381.02,63.50333333333333,11,0,0.0,0,0,0,0,1,0,0,0,0,0,0,0,0,1,0,1,0,0
ORD200102,2023-03-08,C18037,2,70.34,944 Main St,TRK47362236,3,FREESHIP,140.68,23.44666666666667,3,1,0.0,0,1,0,0,0,0,0,0,1,0,0,0,0,0,0,0,0,0
ORD200103,2025-01-25,C62656,4,218.43,514 Main St,TRK86296459,9,SAVE10,873.72,24.27,1,1,10.0,0,0,0,1,0,0,1,0,0,0,0,0,0,0,0,0,0,0
ORD200104,2024-07-30,C65744,1,582.04,647 Main St,TRK39906058,1,FREESHIP,582.04,582.04,7,1,0.0,0,0,0,1,0,0,0,0,1,0,1,0,0,0,0,0,0,0
ORD200105,2024-10-24,C72290,3,185.4,810 Main St,TRK68792129,7,MISSING,556.2,26.485714285714288,10,0,0.0,0,0,0,0,1,0,0,0,1,0,0,0,0,0,1,0,0,0
ORD200106,2023-09-08,C73514,3,465.05,126 Main St,TRK96777924,3,SAVE10,1395.15,155.01666666666668,9,1,10.0,1,0,0,0,0,0,1,0,0,0,0,0,0,0,0,0,0,0
ORD200107,2023-03-27,C16775,5,670.75,848 Main St,TRK34392124,8,FREESHIP,3330.4075,83.84375,3,1,0.0,0,0,0,0,1,0,0,0,1,0,0,0,0,1,0,0,1,0
ORD200108,2024-12-28,C33099,5,48.38,522 Main St,TRK28522330,9,WINTER15,241.9,5.375555555555556,12,1,15.0,0,1,0,0,0,0,0,0,1,0,1,0,0,0,0,0,0,0
ORD200109,2023-09-17,C51157,3,592.87,131 Main St,TRK18674578,3,FREESHIP,1778.61,197.62333333333333,9,1,0.0,1,0,0,0,0,0,0,0,1,0,0,0,0,1,0,0,0,1
ORD200110,2024-04-21,C74562,1,220.77,388 Main St,TRK32062079,5,FREESHIP,220.77,44.154,4,1,0.0,0,0,0,0,0,1,0,0,1,0,0,1,0,0,0,0,1,0
ORD200111,2025-05-07,C95271,3,309.22,620 Main St,TRK74904969,7,FREESHIP,927.66,44.174285714285716,5,1,0.0,1,0,0,0,0,0,0,0,0,1,0,0,0,0,0,1,0,0
ORD200112,2023-01-01,C81366,1,410.6,423 Main St,TRK17062206,2,WINTER15,410.6,205.3,1,1,15.0,0,0,1,0,0,0,0,0,0,1,0,0,0,0,0,0,0,1
ORD200113,2024-01-17,C65905,5,190.08,605 Main St,TRK73954365,9,FREESHIP,950.4,21.12,1,1,0.0,0,1,0,0,0,0,0,0,0,0,0,0,0,1,0,0,1,0
ORD200114,2025-01-27,C77272,5,498.48,115 Main St,TRK29708128,8,SAVE10,2492.4,62.31,1,1,10.0,0,0,1,0,0,0,0,0,0,1,0,1,0,0,0,1,0,0
ORD200115,2023-11-27,C32580,5,374.99,122 Main St,TRK23670394,9,SAVE10,1874.95,41.66555555555556,11,1,10.0,0,0,0,1,0,0,0,0,0,1,0,0,0,1,1,0,0,0
ORD200116,2023-03-19,C47761,4,291.35,109 Main St,TRK66669207,6,WINTER15,1165.4,48.55833333333334,3,1,15.0,0,0,0,0,1,0,1,0,0,0,0,0,0,0,1,0,0,0
ORD200117,2023-03-08,C49187,1,535.5,593 Main St,TRK81888598,5,WINTER15,535.5,107.1,3,1,15.0,0,0,0,0,0,1,0,0,1,0,0,0,0,0,0,0,0,1
ORD200118,2023-10-09,C27898,5,502.71,807 Main St,TRK61957665,7,FREESHIP,2513.55,71.81571428571428,10,1,0.0,0,0,0,0,1,0,0,0,1,0,0,0,0,1,0,1,0,0
ORD200119,2025-06-11,C14683,2,534.67,187 Main St,TRK47373682,7,FREESHIP,1069.34,76.38142857142857,6,1,0.0,1,0,0,0,0,0,0,1,0,0,0,0,0,1,0,0,0,1
ORD200120,2023-04-11,C58108,4,629.34,986 Main St,TRK66218053,4,WINTER15,2517.36,157.335,4,1,15.0,0,0,0,0,0,1,0,0,0,0,0,0,0,0,0,0,1,0
ORD200121,2023-11-30,C89822,1,410.78,673 Main St,TRK24138598,1,FREESHIP,410.78,410.78,11,1,0.0,1,0,0,0,0,0,0,0,0,0,0,0,0,0,0,0,1,0
ORD200122,2024-04-15,C96787,2,533.02,588 Main St,TRK30422853,2,MISSING,1066.04,266.51,4,0,0.0,0,1,0,0,0,0,0,0,1,0,0,0,0,1,1,0,0,0
ORD200123,2023-07-06,C86064,3,278.04,727 Main St,TRK62182901,5,MISSING,834.12,55.608000000000004,7,0,0.0,1,0,0,0,0,0,0,0,0,1,1,0,0,0,0,0,1,0
ORD200124,2024-07-28,C97148,4,283.79,563 Main St,TRK85321126,8,MISSING,1135.16,35.47375,7,0,0.0,0,0,0,0,1,0,0,0,0,1,0,1,0,0,0,1,0,0
ORD200125,2024-11-06,C91099,2,512.65,758 Main St,TRK81846174,5,SAVE10,1025.3,102.53,11,1,10.0,0,0,0,1,0,0,1,0,0,0,0,0,0,1,0,0,0,0
ORD200126,2025-05-03,C55606,4,275.5,353 Main St,TRK68250319,8,FREESHIP,1102.0,34.4375,5,1,0.0,1,0,0,0,0,0,0,0,1,0,0,0,0,1,0,1,0,0
ORD200127,2023-08-10,C71486,3,469.32,365 Main St,TRK73929833,3,MISSING,1407.96,156.44,8,0,0.0,1,0,0,0,0,0,0,1,0,0,0,0,0,1,0,1,0,0
ORD200128,2023-02-17,C86408,4,21.07,244 Main St,TRK41432648,4,FREESHIP,84.28,5.2675,2,1,0.0,0,0,0,0,0,1,0,0,1,0,1,0,0,0,0,1,0,0
ORD200129,2023-10-27,C52751,4,263.93,427 Main St,TRK72481234,4,FREESHIP,1055.72,65.9825,10,1,0.0,0,1,0,0,0,0,0,1,0,0,0,0,0,1,1,0,0,0
ORD200130,2025-01-22,C29059,3,501.3,513 Main St,TRK88360704,3,WINTER15,1503.9,167.1,1,1,15.0,1,0,0,0,0,0,0,0,0,1,0,0,0,0,1,0,0,0
ORD200131,2023-01-08,C72862,1,84.8,606 Main St,TRK51648833,5,MISSING,84.8,16.96,1,0,0.0,0,0,0,0,0,1,0,0,1,0,0,1,0,0,0,0,1,0
ORD200132,2023-03-28,C96257,4,450.75,583 Main St,TRK13137948,6,WINTER15,1803.0,75.125,3,1,15.0,0,0,0,0,0,1,1,0,0,0,0,0,0,1,0,0,0,0
ORD200133,2025-06-20,C87432,4,302.05,636 Main St,TRK68969625,6,SAVE10,1208.2,50.34166666666667,6,1,10.0,0,0,0,0,0,0,0,1,0,0,0,0,0,0,0,1,0,0
ORD200134,2025-06-23,C16253,2,199.7,583 Main St,TRK17354894,4,MISSING,399.4,49.925,6,0,0.0,0,1,0,0,0,0,0,0,0,0,0,1,0,0,0,0,0,0
ORD200135,2023-08-04,C79909,2,68.81,642 Main St,TRK86742257,5,SAVE10,137.62,13.762,8,1,10.0,0,0,0,0,1,0,0,0,1,0,0,0,0,1,0,0,0,1
ORD200136,2024-04-27,C73370,1,44.35,595 Main St,TRK67820278,1,SAVE10,44.35,44.35,4,1,10.0,0,1,0,0,0,0,0,0,1,0,0,0,0,0,0,0,1,0
ORD200137,2024-11-26,C50682,2,250.98,598 Main St,TRK12242337,5,MISSING,501.96,50.196,11,0,0.0,0,0,1,0,0,0,1,0,0,0,1,0,0,0,0,1,0,0
ORD200138,2023-12-21,C21905,1,298.06,478 Main St,TRK31863841,3,WINTER15,298.06,99.35333333333334,12,1,15.0,0,0,0,0,0,1,0,1,0,0,0,1,0,0,0,1,0,0
ORD200139,2023-04-10,C61440,1,583.9,714 Main St,TRK33114521,1,MISSING,583.9,583.9,4,0,0.0,0,0,0,1,0,0,0,0,0,0,0,0,1,0,0,0,0,0
ORD200140,2025-05-31,C33110,3,528.14,388 Main St,TRK38624225,3,FREESHIP,1584.42,176.04666666666665,5,1,0.0,0,0,0,0,0,0,0,0,0,1,1,0,0,0,0,0,0,0
ORD200141,2023-11-18,C80004,3,684.14,151 Main St,TRK66230753,3,WINTER15,2052.42,228.04666666666665,11,1,15.0,0,0,0,0,1,0,0,0,0,0,0,0,0,0,0,0,1,0
ORD200142,2023-09-06,C86374,5,272.77,573 Main St,TRK79451491,7,WINTER15,1363.85,38.96714285714285,9,1,15.0,1,0,0,0,0,0,0,0,0,0,0,1,0,0,0,0,0,0
ORD200143,2024-06-13,C66521,4,400.07,933 Main St,TRK34654244,5,MISSING,1600.28,80.014,6,0,0.0,0,0,0,0,0,0,0,0,0,1,0,0,0,1,0,0,0,1
ORD200144,2023-08-04,C63365,5,219.78,895 Main St,TRK80100887,8,MISSING,1098.9,27.4725,8,0,0.0,1,0,0,0,0,0,1,0,0,0,0,1,0,0,1,0,0,0
ORD200145,2024-03-02,C85929,3,146.91,798 Main St,TRK29318610,6,FREESHIP,440.73,24.485,3,1,0.0,0,0,0,0,1,0,1,0,0,0,1,0,0,0,0,1,0,0
ORD200146,2025-04-30,C84645,2,411.49,404 Main St,TRK68893369,4,MISSING,822.98,102.8725,4,0,0.0,0,0,0,0,0,1,1,0,0,0,0,0,1,0,0,0,1,0
ORD200147,2025-05-06,C46316,2,465.18,893 Main St,TRK16196000,2,SAVE10,930.36,232.59,5,1,10.0,0,1,0,0,0,0,1,0,0,0,0,0,0,0,0,1,0,0
ORD200148,2024-12-15,C35100,2,319.91,139 Main St,TRK56853491,3,WINTER15,639.82,106.63666666666667,12,1,15.0,0,0,0,1,0,0,1,0,0,0,0,0,0,0,0,1,0,0
ORD200149,2023-12-27,C39671,1,217.56,174 Main St,TRK47153818,3,MISSING,217.56,72.52,12,0,0.0,0,1,0,0,0,0,0,1,0,0,1,0,0,0,1,0,0,0
ORD200150,2023-12-13,C25503,2,105.57,981 Main St,TRK29878837,5,WINTER15,211.14,21.113999999999997,12,1,15.0,0,0,0,1,0,0,0,1,0,0,0,0,1,0,0,1,0,0
ORD200151,2023-12-01,C32960,5,444.76,947 Main St,TRK91226500,7,MISSING,2223.8,63.537142857142854,12,0,0.0,0,0,0,0,1,0,0,1,0,0,0,0,1,0,0,0,0,0
ORD200152,2025-01-02,C77736,2,399.04,659 Main St,TRK90329250,3,FREESHIP,798.08,133.01333333333335,1,1,0.0,0,0,0,0,0,0,0,0,0,0,0,0,0,0,0,0,0,1
ORD200153,2024-12-18,C71570,4,534.48,437 Main St,TRK95992269,9,WINTER15,2137.92,59.38666666666667,12,1,15.0,0,0,0,0,0,0,0,0,0,1,0,0,1,0,0,0,1,0
ORD200154,2023-07-20,C73587,4,408.21,727 Main St,TRK13955543,9,MISSING,1632.84,45.35666666666666,7,0,0.0,0,0,0,1,0,0,1,0,0,0,0,1,0,0,0,0,1,0
ORD200155,2023-02-27,C62740,1,424.4,446 Main St,TRK20706408,6,WINTER15,424.4,70.73333333333333,2,1,15.0,0,0,0,1,0,0,0,0,0,1,0,0,0,1,0,0,0,1
ORD200156,2024-11-08,C58808,2,269.83,651 Main St,TRK24451893,4,SAVE10,539.66,67.4575,11,1,10.0,0,0,0,0,0,0,0,0,0,1,1,0,0,0,0,0,0,0
ORD200157,2025-02-21,C50422,2,564.58,636 Main St,TRK71227815,4,WINTER15,1129.16,141.145,2,1,15.0,0,0,1,0,0,0,0,0,0,1,0,0,1,0,1,0,0,0
ORD200158,2024-05-16,C23334,1,331.06,737 Main St,TRK46335144,5,WINTER15,331.06,66.212,5,1,15.0,0,0,0,0,0,1,1,0,0,0,0,1,0,0,0,0,1,0
ORD200159,2023-10-31,C48965,1,299.35,819 Main St,TRK50921780,5,WINTER15,299.35,59.870000000000005,10,1,15.0,0,0,0,0,1,0,1,0,0,0,0,0,0,0,0,0,0,0
ORD200160,2023-02-17,C38669,4,101.32,240 Main St,TRK81738254,7,MISSING,405.28,14.474285714285713,2,0,0.0,0,0,1,0,0,0,0,0,0,0,0,1,0,0,0,0,0,1
ORD200161,2024-03-29,C35091,1,211.14,513 Main St,TRK53784452,1,SAVE10,211.14,211.14,3,1,10.0,0,0,1,0,0,0,1,0,0,0,0,0,0,0,1,0,0,0
ORD200162,2023-07-27,C82313,3,65.86,917 Main St,TRK79854624,8,WINTER15,197.58,8.2325,7,1,15.0,0,0,0,0,0,0,0,0,0,1,0,1,0,0,0,1,0,0
ORD200163,2025-06-24,C99589,1,641.39,277 Main St,TRK16695001,1,MISSING,641.39,641.39,6,0,0.0,0,0,0,0,0,1,0,0,0,1,0,0,0,0,0,0,0,1
ORD200164,2023-12-28,C70566,5,536.58,667 Main St,TRK49673411,5,SAVE10,2682.9,107.316,12,1,10.0,1,0,0,0,0,0,0,0,1,0,0,1,0,0,0,1,0,0
ORD200165,2024-09-14,C60355,2,500.29,226 Main St,TRK30155194,7,WINTER15,1000.58,71.47,9,1,15.0,0,0,1,0,0,0,0,0,0,1,0,0,1,0,0,1,0,0
ORD200166,2025-03-04,C28889,3,86.29,565 Main St,TRK23791726,6,WINTER15,258.87,14.381666666666668,3,1,15.0,0,0,0,0,0,0,0,0,0,0,1,0,0,0,0,0,1,0
ORD200167,2023-05-27,C88304,2,384.14,219 Main St,TRK44268941,2,WINTER15,768.28,192.07,5,1,15.0,0,0,0,0,0,0,0,0,0,1,0,0,1,0,0,0,0,0
ORD200168,2025-01-04,C49517,1,594.96,878 Main St,TRK78551375,6,MISSING,594.96,99.16000000000001,1,0,0.0,0,0,0,0,1,0,0,0,0,0,0,0,1,0,1,0,0,0
ORD200169,2024-04-07,C35785,1,427.82,732 Main St,TRK78923089,2,WINTER15,427.82,213.91,4,1,15.0,0,0,0,0,1,0,0,0,0,1,1,0,0,0,0,0,0,0
ORD200170,2025-04-04,C80223,4,662.94,535 Main St,TRK68632951,8,SAVE10,2651.76,82.8675,4,1,10.0,1,0,0,0,0,0,0,0,0,0,0,0,0,0,0,0,1,0
ORD200171,2023-08-15,C20448,2,148.22,336 Main St,TRK67379895,7,WINTER15,296.44,21.174285714285713,8,1,15.0,0,0,0,0,0,1,1,0,0,0,1,0,0,0,0,0,1,0
ORD200172,2025-04-06,C34134,1,254.12,365 Main St,TRK43074303,1,WINTER15,254.12,254.12,4,1,15.0,0,0,0,0,1,0,0,0,0,1,1,0,0,0,0,0,0,0
ORD200173,2024-03-24,C95901,3,664.46,806 Main St,TRK56989066,4,FREESHIP,1993.38,166.115,3,1,0.0,0,0,0,1,0,0,0,0,0,1,1,0,0,0,0,1,0,0
ORD200174,2024-04-16,C51145,4,600.81,790 Main St,TRK59154274,9,SAVE10,2403.24,66.75666666666666,4,1,10.0,0,0,0,0,1,0,0,1,0,0,1,0,0,0,0,0,0,0
ORD200175,2025-02-08,C78170,5,68.34,332 Main St,TRK71410605,6,WINTER15,341.7,11.39,2,1,15.0,0,0,0,0,0,0,0,1,0,0,0,1,0,0,0,0,0,1
ORD200176,2025-06-28,C80151,4,430.83,553 Main St,TRK88251529,8,WINTER15,1723.32,53.85375,6,1,15.0,0,0,0,0,0,1,0,0,1,0,0,1,0,0,0,0,0,1
ORD200177,2023-08-05,C55632,5,431.69,354 Main St,TRK13003066,10,MISSING,2158.45,43.169,8,0,0.0,0,0,0,0,0,0,1,0,0,0,0,1,0,0,1,0,0,0
ORD200178,2024-04-11,C53070,4,512.06,283 Main St,TRK49791755,5,SAVE10,2048.24,102.41199999999999,4,1,10.0,0,0,0,0,0,0,0,0,0,1,1,0,0,0,0,1,0,0
ORD200179,2024-11-24,C27401,3,539.91,500 Main St,TRK14332053,8,MISSING,1619.73,67.48875,11,0,0.0,0,1,0,0,0,0,1,0,0,0,1,0,0,0,0,0,0,0
ORD200180,2023-03-18,C87216,5,316.07,970 Main St,TRK18713727,10,MISSING,1580.35,31.607,3,0,0.0,0,0,0,0,0,1,0,0,0,0,0,0,1,0,0,1,0,0
ORD200181,2024-08-31,C38966,5,404.39,247 Main St,TRK17205146,10,MISSING,2021.95,40.439,8,0,0.0,0,0,0,0,1,0,0,0,0,1,0,0,0,1,0,0,0,1
ORD200182,2025-03-19,C16612,1,600.54,596 Main St,TRK96188223,4,WINTER15,600.54,150.135,3,1,15.0,1,0,0,0,0,0,0,1,0,0,0,1,0,0,0,1,0,0
ORD200183,2024-04-18,C39246,5,186.28,258 Main St,TRK16658182,8,SAVE10,931.4,23.285,4,1,10.0,0,0,1,0,0,0,0,1,0,0,1,0,0,0,0,0,0,0
ORD200184,2024-04-04,C65180,4,214.54,231 Main St,TRK39255469,7,MISSING,858.16,30.648571428571426,4,0,0.0,0,0,0,0,0,1,0,0,1,0,0,0,0,0,0,0,0,1
ORD200185,2025-02-02,C46877,1,210.7,572 Main St,TRK96935978,2,WINTER15,210.7,105.35,2,1,15.0,0,1,0,0,0,0,0,0,0,1,0,0,0,1,0,0,0,1
ORD200186,2023-12-07,C30334,2,133.55,322 Main St,TRK66388885,7,FREESHIP,267.1,19.07857142857143,12,1,0.0,0,0,0,1,0,0,0,0,0,0,0,1,0,0,1,0,0,0
ORD200187,2023-02-08,C21227,1,590.87,689 Main St,TRK79129657,6,FREESHIP,590.87,98.47833333333334,2,1,0.0,0,0,0,0,0,0,0,0,1,0,0,0,1,0,0,0,0,1
ORD200188,2025-03-15,C97715,2,363.91,927 Main St,TRK19515949,2,FREESHIP,727.82,181.955,3,1,0.0,0,0,0,0,0,0,0,0,1,0,0,0,0,1,0,0,0,1
ORD200189,2023-07-05,C48939,5,429.45,597 Main St,TRK62786764,5,WINTER15,2147.25,85.89,7,1,15.0,0,0,0,0,1,0,0,0,1,0,0,0,0,0,0,0,0,0
ORD200190,2024-08-31,C35483,3,223.7,725 Main St,TRK79638203,3,SAVE10,671.1,74.56666666666666,8,1,10.0,0,0,0,0,1,0,0,0,0,0,0,0,1,0,0,0,0,0
ORD200191,2025-03-08,C51494,2,488.87,505 Main St,TRK58520306,4,FREESHIP,977.74,122.2175,3,1,0.0,0,1,0,0,0,0,0,0,0,1,0,0,0,0,0,1,0,0
ORD200192,2023-08-11,C58410,1,645.46,151 Main St,TRK19749672,5,SAVE10,645.46,129.092,8,1,10.0,1,0,0,0,0,0,0,0,1,0,0,0,0,0,0,1,0,0
ORD200193,2023-07-21,C11644,1,46.66,429 Main St,TRK81320339,6,MISSING,46.66,7.776666666666666,7,0,0.0,0,0,0,0,1,0,0,0,0,0,0,0,0,0,0,1,0,0
ORD200194,2024-06-08,C53501,1,249.57,899 Main St,TRK90144892,3,FREESHIP,249.57,83.19,6,1,0.0,0,0,1,0,0,0,0,0,0,0,0,0,0,1,0,1,0,0
ORD200195,2024-04-22,C63619,3,619.21,801 Main St,TRK65385674,6,MISSING,1857.63,103.20166666666667,4,0,0.0,0,0,0,0,0,0,0,1,0,0,0,0,0,0,0,0,0,0
ORD200196,2025-01-24,C40882,4,217.13,719 Main St,TRK64165503,8,WINTER15,868.52,27.14125,1,1,15.0,1,0,0,0,0,0,0,0,0,0,1,0,0,0,0,0,0,0
ORD200197,2023-08-27,C80135,5,221.51,723 Main St,TRK95222269,5,WINTER15,1107.55,44.302,8,1,15.0,0,1,0,0,0,0,0,0,0,0,0,0,1,0,0,0,0,1
ORD200198,2024-06-11,C37594,4,340.3,926 Main St,TRK94405162,8,SAVE10,1361.2,42.5375,6,1,10.0,0,1,0,0,0,0,0,0,0,0,0,0,0,0,0,0,0,1
ORD200199,2025-01-23,C87524,1,625.0,358 Main St,TRK21114341,5,WINTER15,625.0,125.0,1,1,15.0,0,0,0,1,0,0,0,0,0,1,0,0,1,0,0,1,0,0
ORD200200,2025-06-07,C97681,5,433.26,895 Main St,TRK37531040,9,SAVE10,2166.3,48.14,6,1,10.0,0,0,0,0,0,1,1,0,0,0,1,0,0,0,0,1,0,0
ORD200201,2023-06-18,C10126,2,674.9,146 Main St,TRK75607531,4,SAVE10,1349.8,168.725,6,1,10.0,0,0,1,0,0,0,0,0,0,1,0,0,0,1,1,0,0,0
ORD200202,2025-02-06,C36938,3,253.98,636 Main St,TRK52522904,3,FREESHIP,761.94,84.66,2,1,0.0,0,0,1,0,0,0,1,0,0,0,0,0,0,0,0,0,0,0
ORD200203,2025-01-21,C99173,3,356.84,172 Main St,TRK89849342,5,SAVE10,1070.52,71.368,1,1,10.0,0,0,0,0,1,0,0,0,0,1,0,0,0,1,0,0,1,0
ORD200204,2023-09-05,C99775,4,413.71,478 Main St,TRK21638425,9,FREESHIP,1654.84,45.967777777777776,9,1,0.0,0,1,0,0,0,0,0,0,1,0,0,0,0,0,1,0,0,0
ORD200205,2023-03-04,C19266,3,147.39,609 Main St,TRK58357269,3,MISSING,442.17,49.129999999999995,3,0,0.0,1,0,0,0,0,0,0,1,0,0,0,0,1,0,0,0,0,0
ORD200206,2024-04-16,C31072,4,229.1,729 Main St,TRK77172975,8,WINTER15,916.4,28.6375,4,1,15.0,0,1,0,0,0,0,0,0,1,0,0,0,1,0,0,0,0,0
ORD200207,2025-03-18,C54595,1,121.96,999 Main St,TRK44416659,3,MISSING,121.96,40.65333333333333,3,0,0.0,0,0,0,1,0,0,0,1,0,0,1,0,0,0,0,1,0,0
ORD200208,2024-10-08,C87777,2,408.32,597 Main St,TRK29003608,3,FREESHIP,816.64,136.10666666666665,10,1,0.0,1,0,0,0,0,0,0,0,0,1,0,0,0,1,1,0,0,0
ORD200209,2023-08-29,C35854,5,187.97,706 Main St,TRK30615168,9,SAVE10,939.85,20.885555555555555,8,1,10.0,0,0,0,0,0,1,0,0,0,0,0,0,1,0,0,1,0,0
ORD200210,2024-12-05,C93821,3,358.48,513 Main St,TRK10658539,7,FREESHIP,1075.44,51.21142857142858,12,1,0.0,0,0,0,0,0,0,0,0,1,0,1,0,0,0,1,0,0,0
ORD200211,2025-01-03,C54390,3,193.58,185 Main St,TRK83853742,7,FREESHIP,580.74,27.654285714285717,1,1,0.0,0,0,0,0,1,0,0,0,1,0,0,1,0,0,0,0,0,0
ORD200212,2023-06-20,C53215,1,265.38,367 Main St,TRK34751835,6,WINTER15,265.38,44.23,6,1,15.0,0,0,1,0,0,0,1,0,0,0,0,0,0,0,0,0,0,0
ORD200213,2023-04-20,C71122,1,634.4,317 Main St,TRK54757882,6,SAVE10,634.4,105.73333333333333,4,1,10.0,0,1,0,0,0,0,0,0,0,0,0,0,0,0,0,0,0,0
ORD200214,2024-08-21,C29483,4,305.72,673 Main St,TRK89423603,5,MISSING,1222.88,61.144000000000005,8,0,0.0,1,0,0,0,0,0,0,0,0,1,1,0,0,0,1,0,0,0
ORD200215,2023-08-10,C26767,1,303.6,432 Main St,TRK24585307,5,FREESHIP,303.6,60.720000000000006,8,1,0.0,0,0,0,0,1,0,0,0,0,0,0,0,0,1,1,0,0,0
ORD200216,2025-04-15,C70492,4,496.0,811 Main St,TRK84625405,8,WINTER15,1984.0,62.0,4,1,15.0,0,0,1,0,0,0,0,0,0,1,0,0,0,0,0,1,0,0
ORD200217,2024-05-20,C61549,4,321.51,908 Main St,TRK65596914,9,MISSING,1286.04,35.72333333333333,5,0,0.0,1,0,0,0,0,0,0,0,0,0,0,0,1,0,0,1,0,0
ORD200218,2023-04-28,C11665,3,112.46,882 Main St,TRK10993930,6,SAVE10,337.38,18.743333333333332,4,1,10.0,0,0,0,0,0,1,0,0,1,0,0,0,0,1,0,0,1,0
ORD200219,2025-05-02,C48946,5,61.97,457 Main St,TRK99387220,6,SAVE10,309.85,10.328333333333333,5,1,10.0,0,1,0,0,0,0,0,0,0,0,1,0,0,0,0,0,0,0
ORD200220,2023-07-18,C79506,2,373.17,497 Main St,TRK95188748,6,SAVE10,746.34,62.195,7,1,10.0,0,1,0,0,0,0,1,0,0,0,0,1,0,0,0,0,0,1
ORD200221,2024-02-23,C93473,5,639.37,552 Main St,TRK50003989,6,SAVE10,3196.85,106.56166666666667,2,1,10.0,0,0,0,0,0,1,0,1,0,0,0,1,0,0,0,1,0,0
ORD200222,2023-05-04,C43124,4,693.36,931 Main St,TRK17293348,8,MISSING,2773.44,86.67,5,0,0.0,0,0,0,0,0,0,0,0,0,1,0,0,0,1,0,0,1,0
ORD200223,2024-09-11,C22783,4,692.91,673 Main St,TRK55009149,9,SAVE10,2771.64,76.99,9,1,10.0,0,0,0,1,0,0,1,0,0,0,0,1,0,0,0,0,1,0
ORD200224,2023-09-23,C18567,4,91.46,507 Main St,TRK17554673,9,SAVE10,365.84,10.162222222222221,9,1,10.0,0,0,0,0,1,0,0,0,0,0,0,0,0,0,0,0,0,1
ORD200225,2024-03-13,C99879,3,273.96,692 Main St,TRK50246700,8,SAVE10,821.88,34.245,3,1,10.0,0,0,0,1,0,0,0,1,0,0,0,0,1,0,0,1,0,0
ORD200226,2025-06-27,C31501,3,588.05,242 Main St,TRK93063929,8,MISSING,1764.15,73.50625,6,0,0.0,1,0,0,0,0,0,0,0,1,0,1,0,0,0,0,0,1,0
ORD200227,2023-11-02,C93220,2,365.17,353 Main St,TRK89023251,4,FREESHIP,730.34,91.2925,11,1,0.0,0,0,1,0,0,0,0,0,0,1,0,0,0,0,1,0,0,0
ORD200228,2023-05-17,C57867,4,385.92,579 Main St,TRK92055007,8,MISSING,1543.68,48.24,5,0,0.0,0,0,0,0,0,0,1,0,0,0,0,0,0,0,0,0,1,0
ORD200229,2025-03-28,C62622,1,562.61,762 Main St,TRK70997648,3,WINTER15,562.61,187.53666666666666,3,1,15.0,0,0,0,0,0,1,1,0,0,0,1,0,0,0,1,0,0,0
ORD200230,2023-12-16,C94595,4,61.91,948 Main St,TRK24497305,6,WINTER15,247.64,10.318333333333333,12,1,15.0,1,0,0,0,0,0,0,0,1,0,1,0,0,0,0,0,0,0
ORD200231,2023-11-05,C30955,4,41.9,327 Main St,TRK46898848,9,FREESHIP,167.6,4.655555555555555,11,1,0.0,0,0,0,1,0,0,0,0,1,0,0,1,0,0,0,0,1,0
ORD200232,2023-05-19,C20731,4,444.44,610 Main St,TRK75568437,8,WINTER15,1777.76,55.555,5,1,15.0,0,0,0,0,1,0,0,1,0,0,0,0,0,0,0,1,0,0
ORD200233,2024-08-24,C30168,3,311.33,146 Main St,TRK73699939,3,WINTER15,933.99,103.77666666666666,8,1,15.0,0,0,0,1,0,0,0,0,0,0,0,0,0,0,0,0,1,0
ORD200234,2024-11-26,C79842,4,236.41,337 Main St,TRK26957950,7,SAVE10,945.64,33.77285714285714,11,1,10.0,0,0,0,0,1,0,0,1,0,0,0,1,0,0,0,1,0,0
ORD200235,2023-02-20,C32854,1,65.45,815 Main St,TRK30009218,2,WINTER15,65.45,32.725,2,1,15.0,1,0,0,0,0,0,0,0,0,0,0,1,0,0,0,1,0,0
ORD200236,2023-01-01,C14847,1,318.81,562 Main St,TRK39663243,3,WINTER15,318.81,106.27,1,1,15.0,0,0,1,0,0,0,0,1,0,0,0,1,0,0,0,0,0,0
ORD200237,2024-03-14,C88645,3,583.72,783 Main St,TRK74097570,5,FREESHIP,1751.16,116.744,3,1,0.0,0,0,1,0,0,0,1,0,0,0,0,0,0,1,1,0,0,0
ORD200238,2024-12-13,C66149,4,384.32,770 Main St,TRK76307307,6,WINTER15,1537.28,64.05333333333333,12,1,15.0,1,0,0,0,0,0,1,0,0,0,0,1,0,0,0,1,0,0
ORD200239,2024-12-11,C20256,3,538.74,456 Main St,TRK71127943,6,FREESHIP,1616.22,89.79,12,1,0.0,0,0,0,0,0,1,0,0,0,1,0,0,0,1,0,0,0,0
ORD200240,2023-07-12,C14983,1,17.24,255 Main St,TRK93444157,2,FREESHIP,17.24,8.62,7,1,0.0,0,0,0,0,0,1,0,0,0,1,0,1,0,0,0,0,1,0
ORD200241,2023-05-16,C20817,5,615.67,407 Main St,TRK44164590,6,SAVE10,3078.35,102.61166666666666,5,1,10.0,0,0,0,0,0,0,0,0,0,1,0,1,0,0,0,0,0,0
ORD200242,2023-05-09,C94921,2,219.1,134 Main St,TRK97794327,4,SAVE10,438.2,54.775,5,1,10.0,0,0,0,0,1,0,0,0,0,1,0,1,0,0,0,0,0,1
ORD200243,2025-05-09,C54725,2,144.66,506 Main St,TRK30601940,7,FREESHIP,289.32,20.665714285714284,5,1,0.0,0,0,0,0,0,0,0,0,0,1,0,0,0,0,0,1,0,0
ORD200244,2023-02-16,C98096,2,317.77,838 Main St,TRK51518631,4,WINTER15,635.54,79.4425,2,1,15.0,1,0,0,0,0,0,0,1,0,0,0,0,0,0,1,0,0,0
ORD200245,2025-04-20,C12667,1,223.3,306 Main St,TRK25390491,1,MISSING,223.3,223.3,4,0,0.0,0,1,0,0,0,0,0,0,0,1,0,0,1,0,1,0,0,0
ORD200246,2024-08-30,C55354,2,342.11,164 Main St,TRK15439493,2,WINTER15,684.22,171.055,8,1,15.0,1,0,0,0,0,0,0,0,1,0,0,0,0,1,0,0,1,0
ORD200247,2023-07-20,C14600,2,220.9,785 Main St,TRK84984764,4,MISSING,441.8,55.225,7,0,0.0,0,0,0,0,1,0,0,0,1,0,0,0,0,1,0,0,0,0
ORD200248,2023-07-02,C97187,1,670.54,471 Main St,TRK62283713,6,FREESHIP,670.54,111.75666666666666,7,1,0.0,0,1,0,0,0,0,0,0,0,0,0,0,0,1,0,0,0,1
ORD200249,2024-02-07,C39106,1,546.19,245 Main St,TRK35464433,5,FREESHIP,546.19,109.23800000000001,2,1,0.0,0,0,0,0,1,0,0,0,0,0,0,1,0,0,0,0,0,1
ORD200250,2023-04-05,C93379,3,42.95,318 Main St,TRK67954150,8,SAVE10,128.85,5.36875,4,1,10.0,1,0,0,0,0,0,0,0,1,0,0,0,1,0,0,0,0,0
ORD200251,2025-05-15,C93175,4,14.69,814 Main St,TRK32995144,9,MISSING,58.76,1.6322222222222222,5,0,0.0,0,0,1,0,0,0,0,0,0,0,0,0,0,0,0,0,0,0
ORD200252,2024-09-20,C19648,4,668.36,821 Main St,TRK51297879,5,FREESHIP,2673.44,133.672,9,1,0.0,0,0,0,1,0,0,0,0,1,0,0,0,0,0,1,0,0,0
ORD200253,2024-03-23,C14891,4,413.74,743 Main St,TRK79471534,7,FREESHIP,1654.96,59.105714285714285,3,1,0.0,0,0,0,0,0,0,0,0,1,0,0,0,1,0,0,0,1,0
ORD200254,2023-12-26,C10866,3,263.19,770 Main St,TRK34809583,5,MISSING,789.57,52.638,12,0,0.0,0,0,1,0,0,0,0,0,0,1,1,0,0,0,0,0,1,0
ORD200255,2024-05-13,C47283,1,263.96,806 Main St,TRK56235117,2,SAVE10,263.96,131.98,5,1,10.0,0,0,1,0,0,0,0,0,1,0,0,0,1,0,0,1,0,0
ORD200256,2025-06-30,C94323,5,75.81,463 Main St,TRK22663277,10,WINTER15,379.05,7.581,6,1,15.0,0,0,0,0,0,0,0,0,1,0,0,0,1,0,0,0,1,0
ORD200257,2024-04-23,C89732,1,406.22,712 Main St,TRK41059233,5,SAVE10,406.22,81.244,4,1,10.0,0,0,0,1,0,0,1,0,0,0,0,0,0,0,0,0,0,1
ORD200258,2024-02-26,C87764,2,103.41,294 Main St,TRK94082469,2,FREESHIP,206.82,51.705,2,1,0.0,0,0,0,0,0,1,0,0,0,1,0,0,0,1,0,0,0,1
ORD200259,2023-06-11,C20977,4,435.12,636 Main St,TRK54991561,9,SAVE10,1740.48,48.346666666666664,6,1,10.0,0,0,0,0,0,0,1,0,0,0,1,0,0,0,0,0,1,0
ORD200260,2023-05-17,C12245,2,407.79,153 Main St,TRK22000463,3,MISSING,815.58,135.93,5,0,0.0,0,0,1,0,0,0,0,1,0,0,0,0,0,1,0,1,0,0
ORD200261,2025-05-28,C68976,5,173.65,460 Main St,TRK25491356,9,SAVE10,868.25,19.294444444444444,5,1,10.0,0,0,0,1,0,0,0,0,1,0,1,0,0,0,0,0,0,0
ORD200262,2023-01-10,C69476,4,249.07,642 Main St,TRK65869386,5,WINTER15,996.28,49.814,1,1,15.0,0,0,0,1,0,0,1,0,0,0,0,0,1,0,0,0,0,1
ORD200263,2023-03-25,C71040,4,434.85,250 Main St,TRK41397604,4,WINTER15,1739.4,108.7125,3,1,15.0,0,0,0,1,0,0,1,0,0,0,0,1,0,0,0,1,0,0
ORD200264,2024-08-03,C71035,1,436.77,977 Main St,TRK19599578,5,FREESHIP,436.77,87.354,8,1,0.0,0,0,0,0,0,1,0,0,0,0,0,0,1,0,0,1,0,0
ORD200265,2023-12-22,C20752,1,572.13,150 Main St,TRK22298450,4,SAVE10,572.13,143.0325,12,1,10.0,0,0,0,0,1,0,0,1,0,0,0,0,0,0,0,1,0,0
ORD200266,2024-06-08,C38840,4,583.07,589 Main St,TRK48484633,6,FREESHIP,2332.28,97.17833333333334,6,1,0.0,0,0,0,0,0,0,1,0,0,0,0,0,0,0,0,0,0,1
ORD200267,2025-04-17,C84480,5,468.51,803 Main St,TRK62361867,9,MISSING,2342.55,52.056666666666665,4,0,0.0,0,0,0,0,0,0,0,1,0,0,1,0,0,0,1,0,0,0
ORD200268,2023-08-11,C37032,2,423.88,655 Main St,TRK48639226,7,SAVE10,847.76,60.55428571428571,8,1,10.0,0,0,0,1,0,0,0,1,0,0,1,0,0,0,0,0,0,1
ORD200269,2023-11-25,C48942,4,663.67,129 Main St,TRK29355120,7,FREESHIP,2654.68,94.80999999999999,11,1,0.0,0,0,0,0,0,1,1,0,0,0,0,1,0,0,0,1,0,0
ORD200270,2023-06-04,C13540,4,309.91,127 Main St,TRK81087373,5,WINTER15,1239.64,61.982000000000006,6,1,15.0,0,0,0,0,1,0,0,1,0,0,0,0,0,1,0,1,0,0
ORD200271,2023-03-28,C59572,1,542.07,791 Main St,TRK16792991,6,WINTER15,542.07,90.34500000000001,3,1,15.0,0,0,1,0,0,0,0,0,0,0,0,0,0,1,0,0,0,1
ORD200272,2023-09-19,C29758,2,399.32,119 Main St,TRK12990043,6,WINTER15,798.64,66.55333333333333,9,1,15.0,0,0,0,0,0,0,0,0,0,1,0,1,0,0,0,0,1,0
ORD200273,2024-10-27,C11849,2,238.25,974 Main St,TRK91195261,7,FREESHIP,476.5,34.035714285714285,10,1,0.0,0,0,0,0,0,1,0,0,0,1,0,0,0,0,0,0,0,0
ORD200274,2023-02-04,C50967,2,182.4,884 Main St,TRK65300814,5,SAVE10,364.8,36.480000000000004,2,1,10.0,0,0,0,1,0,0,0,0,1,0,0,0,0,0,0,0,0,1
ORD200275,2023-11-04,C80735,2,65.07,360 Main St,TRK99880231,4,SAVE10,130.14,16.2675,11,1,10.0,0,0,0,0,0,0,1,0,0,0,0,0,0,0,0,1,0,0
ORD200276,2025-03-29,C99050,2,600.57,654 Main St,TRK56927089,3,WINTER15,1201.14,200.19000000000003,3,1,15.0,0,0,0,0,1,0,0,1,0,0,0,0,1,0,0,0,1,0
ORD200277,2024-09-09,C11210,5,90.92,910 Main St,TRK44929965,9,SAVE10,454.6,10.102222222222222,9,1,10.0,0,0,0,0,0,0,1,0,0,0,1,0,0,0,1,0,0,0
ORD200278,2024-11-18,C46015,5,362.46,299 Main St,TRK46598430,6,FREESHIP,1812.3,60.41,11,1,0.0,0,1,0,0,0,0,0,0,0,0,1,0,0,0,0,0,1,0
ORD200279,2023-10-20,C69167,3,55.01,263 Main St,TRK12425655,7,WINTER15,165.03,7.8585714285714285,10,1,15.0,0,0,0,0,0,0,0,0,0,1,0,1,0,0,0,0,0,0
ORD200280,2023-03-27,C55388,3,404.62,740 Main St,TRK75741001,6,FREESHIP,1213.86,67.43666666666667,3,1,0.0,0,0,0,0,0,1,0,0,1,0,1,0,0,0,0,0,1,0
ORD200281,2023-07-27,C87181,4,654.79,195 Main St,TRK60093390,9,MISSING,2619.16,72.75444444444445,7,0,0.0,1,0,0,0,0,0,0,0,0,0,0,1,0,0,0,0,0,1
ORD200282,2025-04-22,C30411,4,637.79,375 Main St,TRK71810536,9,FREESHIP,2551.16,70.86555555555555,4,1,0.0,0,0,0,0,1,0,0,0,1,0,0,0,0,0,0,1,0,0
ORD200283,2025-02-28,C39638,4,540.33,990 Main St,TRK69745608,6,MISSING,2161.32,90.055,2,0,0.0,0,1,0,0,0,0,0,0,0,0,0,0,0,1,0,1,0,0
ORD200284,2023-02-16,C27203,5,208.17,516 Main St,TRK22023906,6,SAVE10,1040.85,34.695,2,1,10.0,0,1,0,0,0,0,1,0,0,0,0,0,1,0,1,0,0,0
ORD200285,2025-06-10,C67583,1,338.31,974 Main St,TRK93281700,3,MISSING,338.31,112.77,6,0,0.0,0,0,0,1,0,0,0,0,0,1,1,0,0,0,0,1,0,0
ORD200286,2025-04-07,C70554,3,139.45,187 Main St,TRK61086952,8,WINTER15,418.35,17.43125,4,1,15.0,0,0,1,0,0,0,0,0,1,0,0,0,1,0,0,1,0,0
ORD200287,2023-11-24,C70437,4,655.18,630 Main St,TRK26628830,5,MISSING,2620.72,131.036,11,0,0.0,0,0,0,0,0,0,0,0,0,1,0,0,0,1,1,0,0,0
ORD200288,2023-03-12,C97643,4,512.75,537 Main St,TRK60831391,8,WINTER15,2051.0,64.09375,3,1,15.0,0,1,0,0,0,0,0,1,0,0,0,0,1,0,0,1,0,0
ORD200289,2023-07-26,C17136,4,160.49,333 Main St,TRK55362541,8,WINTER15,641.96,20.06125,7,1,15.0,0,0,0,0,0,0,1,0,0,0,0,0,0,1,0,0,0,1
ORD200290,2023-05-05,C24901,3,99.9,258 Main St,TRK14029489,8,FREESHIP,299.7,12.4875,5,1,0.0,0,0,0,0,0,0,0,0,0,0,1,0,0,0,1,0,0,0
ORD200291,2024-05-12,C61521,2,345.01,670 Main St,TRK93676567,6,FREESHIP,690.02,57.501666666666665,5,1,0.0,0,0,0,1,0,0,1,0,0,0,1,0,0,0,0,1,0,0
ORD200292,2025-01-15,C39639,1,65.95,185 Main St,TRK31042152,5,MISSING,65.95,13.190000000000001,1,0,0.0,0,0,1,0,0,0,1,0,0,0,1,0,0,0,1,0,0,0
ORD200293,2023-02-16,C33220,4,463.04,564 Main St,TRK40450219,9,MISSING,1852.16,51.44888888888889,2,0,0.0,0,0,0,0,0,1,0,0,1,0,0,0,1,0,0,0,1,0
ORD200294,2025-04-01,C65414,2,297.71,208 Main St,TRK67562517,7,SAVE10,595.42,42.529999999999994,4,1,10.0,0,0,0,1,0,0,0,0,0,1,0,0,0,1,0,0,0,1
ORD200295,2023-01-25,C49009,5,107.48,278 Main St,TRK46285799,9,FREESHIP,537.4,11.942222222222222,1,1,0.0,0,0,0,0,1,0,0,1,0,0,0,0,0,0,0,0,0,0
ORD200296,2024-06-19,C48453,5,638.8,434 Main St,TRK52110494,10,WINTER15,3194.0,63.879999999999995,6,1,15.0,1,0,0,0,0,0,0,1,0,0,0,0,0,0,0,0,0,1
ORD200297,2023-02-22,C68078,2,493.88,252 Main St,TRK64862812,7,SAVE10,987.76,70.55428571428571,2,1,10.0,1,0,0,0,0,0,1,0,0,0,0,0,1,0,0,0,1,0
ORD200298,2023-12-19,C19402,4,301.17,267 Main St,TRK97825212,6,MISSING,1204.68,50.195,12,0,0.0,0,0,0,0,1,0,0,0,0,1,0,0,0,0,0,0,0,0
ORD200299,2024-01-20,C30711,1,278.66,856 Main St,TRK42696593,2,FREESHIP,278.66,139.33,1,1,0.0,0,0,1,0,0,0,0,0,1,0,0,0,0,0,0,0,1,0
ORD200300,2024-09-02,C39000,1,287.46,894 Main St,TRK33753945,3,FREESHIP,287.46,95.82,9,1,0.0,0,0,0,1,0,0,0,1,0,0,0,0,1,0,1,0,0,0
ORD200301,2023-05-11,C31105,1,583.99,726 Main St,TRK40149095,2,SAVE10,583.99,291.995,5,1,10.0,0,0,0,0,0,0,0,0,0,0,0,0,0,0,0,0,0,0
ORD200302,2023-05-16,C29432,3,468.74,121 Main St,TRK44142517,4,FREESHIP,1406.22,117.185,5,1,0.0,0,0,0,0,0,0,0,0,0,0,0,1,0,0,0,0,1,0
ORD200303,2024-12-07,C48531,1,30.54,368 Main St,TRK95462192,1,MISSING,30.54,30.54,12,0,0.0,0,0,0,0,0,1,0,1,0,0,0,0,1,0,0,1,0,0
ORD200304,2024-10-18,C86762,5,408.73,326 Main St,TRK75686292,10,FREESHIP,2043.65,40.873000000000005,10,1,0.0,0,0,1,0,0,0,0,0,1,0,1,0,0,0,0,0,1,0
ORD200305,2023-11-25,C63822,4,126.89,235 Main St,TRK59353216,9,FREESHIP,507.56,14.098888888888888,11,1,0.0,0,1,0,0,0,0,0,0,0,0,0,1,0,0,0,0,1,0
ORD200306,2024-06-07,C70495,2,57.07,238 Main St,TRK65511225,3,SAVE10,114.14,19.023333333333333,6,1,10.0,0,0,0,0,1,0,0,1,0,0,0,0,1,0,0,0,1,0
ORD200307,2023-07-01,C92407,3,557.41,135 Main St,TRK11755610,4,MISSING,1672.23,139.3525,7,0,0.0,0,1,0,0,0,0,0,0,0,1,1,0,0,0,0,0,0,0
ORD200308,2023-12-11,C75888,3,448.9,790 Main St,TRK98467398,7,SAVE10,1346.7,64.12857142857142,12,1,10.0,0,0,0,0,1,0,0,1,0,0,0,0,1,0,0,0,1,0
ORD200309,2023-10-03,C63153,4,549.76,625 Main St,TRK38033305,4,FREESHIP,2199.04,137.44,10,1,0.0,0,0,0,0,0,0,0,1,0,0,1,0,0,0,1,0,0,0
ORD200310,2024-02-24,C85863,3,132.48,968 Main St,TRK16094218,4,MISSING,397.44,33.12,2,0,0.0,0,0,0,0,1,0,0,0,0,1,0,0,0,1,0,0,0,1
ORD200311,2025-05-17,C71698,5,489.37,274 Main St,TRK34786818,8,MISSING,2446.85,61.17125,5,0,0.0,1,0,0,0,0,0,0,0,0,1,0,0,1,0,0,0,1,0
ORD200312,2025-05-24,C35397,5,66.31,579 Main St,TRK64742535,7,FREESHIP,331.55,9.472857142857142,5,1,0.0,0,0,0,0,1,0,0,0,1,0,0,1,0,0,0,0,0,1
ORD200313,2023-07-09,C67687,2,434.3,978 Main St,TRK22838735,7,SAVE10,868.6,62.042857142857144,7,1,10.0,0,0,0,0,0,0,0,0,0,0,1,0,0,0,0,0,1,0
ORD200314,2023-10-04,C29931,4,153.09,540 Main St,TRK48712417,4,FREESHIP,612.36,38.2725,10,1,0.0,1,0,0,0,0,0,0,0,0,1,1,0,0,0,0,0,0,1
ORD200315,2025-05-12,C59139,5,91.67,301 Main St,TRK45507090,9,FREESHIP,458.35,10.185555555555556,5,1,0.0,0,0,0,0,0,1,0,0,0,1,0,0,0,0,0,0,0,0
ORD200316,2023-10-02,C66078,4,275.28,101 Main St,TRK86474559,9,WINTER15,1101.12,30.586666666666662,10,1,15.0,1,0,0,0,0,0,0,0,1,0,0,0,0,1,1,0,0,0
ORD200317,2023-04-10,C88370,2,139.95,339 Main St,TRK22575151,5,MISSING,279.9,27.99,4,0,0.0,0,0,1,0,0,0,0,0,0,1,0,0,1,0,0,0,1,0
ORD200318,2024-07-27,C93375,3,148.72,317 Main St,TRK95706967,7,SAVE10,446.16,21.245714285714286,7,1,10.0,0,0,0,0,0,0,0,1,0,0,0,0,0,0,0,1,0,0
ORD200319,2023-12-02,C53049,2,563.06,413 Main St,TRK48974907,6,MISSING,1126.12,93.84333333333332,12,0,0.0,0,1,0,0,0,0,0,0,0,0,0,0,1,0,0,0,1,0
ORD200320,2024-12-19,C55590,1,625.51,772 Main St,TRK48792951,1,FREESHIP,625.51,625.51,12,1,0.0,0,0,0,0,1,0,1,0,0,0,0,0,0,1,1,0,0,0
ORD200321,2023-08-09,C47086,4,152.29,135 Main St,TRK44194358,6,WINTER15,609.16,25.381666666666664,8,1,15.0,0,0,0,1,0,0,0,1,0,0,0,0,0,0,0,1,0,0
ORD200322,2024-06-14,C48646,5,231.82,339 Main St,TRK18233748,6,SAVE10,1159.1,38.63666666666666,6,1,10.0,0,0,0,1,0,0,0,1,0,0,1,0,0,0,1,0,0,0
ORD200323,2025-01-26,C29416,1,150.17,414 Main St,TRK63820842,1,SAVE10,150.17,150.17,1,1,10.0,0,1,0,0,0,0,0,1,0,0,0,0,1,0,0,0,0,1
ORD200324,2024-06-13,C13525,3,70.93,847 Main St,TRK70193221,5,MISSING,212.79,14.186000000000002,6,0,0.0,0,0,0,0,0,1,0,1,0,0,0,0,1,0,0,0,0,1
ORD200325,2023-06-29,C53545,3,361.39,665 Main St,TRK61123177,8,MISSING,1084.17,45.17375,6,0,0.0,1,0,0,0,0,0,1,0,0,0,0,0,0,1,0,0,0,1
ORD200326,2024-07-01,C65986,5,670.48,273 Main St,TRK98353867,5,SAVE10,3330.4075,134.096,7,1,10.0,0,1,0,0,0,0,0,0,1,0,0,0,1,0,1,0,0,0
ORD200327,2023-07-25,C17302,1,359.99,385 Main St,TRK43940016,5,SAVE10,359.99,71.998,7,1,10.0,0,0,0,1,0,0,0,0,1,0,0,0,0,0,0,0,0,0
ORD200328,2023-02-28,C18404,5,674.04,546 Main St,TRK89401624,7,SAVE10,3330.4075,96.29142857142857,2,1,10.0,0,0,0,0,0,1,0,0,0,1,0,0,0,0,0,1,0,0
ORD200329,2024-12-25,C88371,4,283.16,306 Main St,TRK63224811,6,MISSING,1132.64,47.193333333333335,12,0,0.0,0,0,0,0,0,0,1,0,0,0,0,0,0,1,0,1,0,0
ORD200330,2024-06-02,C38068,5,260.53,532 Main St,TRK54059198,5,SAVE10,1302.65,52.105999999999995,6,1,10.0,1,0,0,0,0,0,0,0,1,0,0,1,0,0,0,0,1,0
ORD200331,2023-04-15,C78724,3,422.13,187 Main St,TRK25703134,7,SAVE10,1266.39,60.30428571428571,4,1,10.0,0,0,0,0,1,0,0,0,0,1,1,0,0,0,1,0,0,0
ORD200332,2024-07-03,C26163,5,125.02,607 Main St,TRK67499316,9,SAVE10,625.1,13.89111111111111,7,1,10.0,1,0,0,0,0,0,0,1,0,0,0,1,0,0,0,1,0,0
ORD200333,2024-04-16,C87124,1,198.51,818 Main St,TRK52086740,5,WINTER15,198.51,39.702,4,1,15.0,0,0,0,1,0,0,1,0,0,0,0,0,1,0,0,0,1,0
ORD200334,2024-03-26,C90348,4,224.75,728 Main St,TRK20635777,7,WINTER15,899.0,32.107142857142854,3,1,15.0,0,0,0,0,0,0,0,0,0,1,1,0,0,0,1,0,0,0
ORD200335,2025-03-03,C58721,3,205.86,978 Main St,TRK34801199,4,MISSING,617.58,51.465,3,0,0.0,0,0,0,0,0,1,0,0,1,0,0,0,0,1,0,0,0,0
ORD200336,2023-12-29,C88174,1,18.2,441 Main St,TRK10143345,4,SAVE10,18.2,4.55,12,1,10.0,0,1,0,0,0,0,0,1,0,0,0,1,0,0,0,0,1,0
ORD200337,2023-05-29,C77763,3,502.77,599 Main St,TRK66980447,8,WINTER15,1508.31,62.84625,5,1,15.0,0,0,0,0,0,1,0,1,0,0,0,0,1,0,0,0,0,0
ORD200338,2023-11-08,C53627,5,305.49,704 Main St,TRK64112352,10,MISSING,1527.45,30.549,11,0,0.0,0,0,0,1,0,0,0,1,0,0,0,0,0,1,0,0,0,1
ORD200339,2024-04-10,C84563,2,236.33,398 Main St,TRK62422797,3,SAVE10,472.66,78.77666666666667,4,1,10.0,0,0,0,0,1,0,0,0,0,1,0,1,0,0,0,0,1,0
ORD200340,2023-04-23,C76207,5,521.25,826 Main St,TRK25569378,8,MISSING,2606.25,65.15625,4,0,0.0,0,1,0,0,0,0,0,0,0,0,0,0,0,0,0,0,0,0
ORD200341,2024-09-23,C94671,1,167.15,293 Main St,TRK61357272,5,WINTER15,167.15,33.43,9,1,15.0,0,0,0,0,0,1,0,0,1,0,0,0,0,1,0,0,0,0
ORD200342,2025-06-24,C69994,5,466.42,619 Main St,TRK95935805,5,MISSING,2332.1,93.284,6,0,0.0,0,0,1,0,0,0,0,0,1,0,0,0,1,0,0,0,0,1
ORD200343,2023-02-26,C64638,1,527.57,919 Main St,TRK64087938,3,FREESHIP,527.57,175.85666666666668,2,1,0.0,0,0,0,0,1,0,0,1,0,0,0,1,0,0,1,0,0,0
ORD200344,2025-03-06,C95623,3,623.34,248 Main St,TRK67558189,3,SAVE10,1870.02,207.78,3,1,10.0,0,0,0,0,0,1,0,0,0,1,0,0,0,0,0,0,1,0
ORD200345,2023-12-07,C24751,5,501.26,259 Main St,TRK37285406,10,FREESHIP,2506.3,50.126,12,1,0.0,0,0,0,0,0,1,0,0,1,0,0,0,0,1,0,0,0,1
ORD200346,2024-12-06,C31764,1,655.09,876 Main St,TRK44680433,6,MISSING,655.09,109.18166666666667,12,0,0.0,0,0,0,0,0,1,0,0,0,0,0,1,0,0,0,0,0,1
ORD200347,2024-02-03,C83556,4,264.79,380 Main St,TRK21109187,5,SAVE10,1059.16,52.958000000000006,2,1,10.0,0,0,0,0,1,0,1,0,0,0,0,1,0,0,0,1,0,0
ORD200348,2024-03-13,C24369,3,359.73,885 Main St,TRK72633998,7,FREESHIP,1079.19,51.39,3,1,0.0,0,1,0,0,0,0,0,1,0,0,0,0,1,0,0,0,0,0
ORD200349,2023-11-30,C39648,1,465.33,824 Main St,TRK56016905,2,FREESHIP,465.33,232.665,11,1,0.0,0,0,0,0,0,0,0,0,1,0,1,0,0,0,0,1,0,0
ORD200350,2023-06-03,C13296,2,54.41,495 Main St,TRK60127216,6,MISSING,108.82,9.068333333333333,6,0,0.0,0,0,0,0,0,0,0,0,0,1,0,0,0,1,0,0,1,0
ORD200351,2025-02-15,C94248,1,64.66,494 Main St,TRK89406816,4,MISSING,64.66,16.165,2,0,0.0,0,1,0,0,0,0,0,1,0,0,1,0,0,0,0,0,1,0
ORD200352,2023-08-31,C26637,5,173.96,995 Main St,TRK59546992,8,WINTER15,869.8,21.745,8,1,15.0,0,0,0,0,0,0,0,1,0,0,0,1,0,0,0,0,1,0
ORD200353,2025-03-28,C16012,1,630.82,171 Main St,TRK15195225,5,FREESHIP,630.82,126.16400000000002,3,1,0.0,0,0,0,0,0,1,0,0,0,1,1,0,0,0,0,1,0,0
ORD200354,2023-07-11,C31772,1,693.41,992 Main St,TRK11970357,4,MISSING,693.41,173.3525,7,0,0.0,0,0,0,1,0,0,0,1,0,0,0,0,0,1,0,0,1,0
ORD200355,2025-06-03,C18353,3,433.33,677 Main St,TRK78766533,4,FREESHIP,1299.99,108.3325,6,1,0.0,0,0,0,0,0,1,1,0,0,0,0,0,0,0,0,0,0,1
ORD200356,2023-05-06,C26966,5,374.58,907 Main St,TRK83889574,10,FREESHIP,1872.9,37.458,5,1,0.0,0,0,0,0,1,0,0,0,1,0,0,0,0,0,0,0,1,0
ORD200357,2023-07-08,C74982,5,408.56,398 Main St,TRK98700702,8,FREESHIP,2042.8,51.07,7,1,0.0,0,1,0,0,0,0,0,1,0,0,1,0,0,0,0,0,1,0
ORD200358,2024-04-07,C70633,2,183.67,747 Main St,TRK82540521,3,SAVE10,367.34,61.22333333333333,4,1,10.0,0,0,0,0,0,1,0,0,0,1,0,0,0,0,0,1,0,0
ORD200359,2023-06-09,C95643,4,606.57,303 Main St,TRK23286689,5,WINTER15,2426.28,121.31400000000001,6,1,15.0,1,0,0,0,0,0,0,1,0,0,1,0,0,0,0,0,0,1
ORD200360,2024-06-06,C53810,4,589.57,779 Main St,TRK34630612,8,MISSING,2358.28,73.69625,6,0,0.0,0,0,0,1,0,0,0,0,0,0,0,1,0,0,0,0,1,0
ORD200361,2024-06-29,C53464,5,659.85,197 Main St,TRK32743531,9,SAVE10,3299.25,73.31666666666666,6,1,10.0,0,0,0,0,1,0,1,0,0,0,1,0,0,0,1,0,0,0
ORD200362,2023-06-27,C53697,4,206.84,312 Main St,TRK60476656,5,WINTER15,827.36,41.368,6,1,15.0,0,0,1,0,0,0,0,0,0,0,0,0,0,0,0,0,1,0
ORD200363,2024-05-24,C31668,5,113.87,871 Main St,TRK42584392,6,SAVE10,569.35,18.978333333333335,5,1,10.0,0,1,0,0,0,0,1,0,0,0,0,1,0,0,0,0,0,0
ORD200364,2023-11-24,C85282,5,628.74,740 Main St,TRK86767206,9,FREESHIP,3143.7,69.86,11,1,0.0,0,0,0,1,0,0,0,0,0,0,0,0,0,0,1,0,0,0
ORD200365,2025-02-14,C56796,1,678.38,607 Main St,TRK74263180,4,SAVE10,678.38,169.595,2,1,10.0,0,0,0,1,0,0,1,0,0,0,0,0,0,0,0,0,0,1
ORD200366,2023-02-10,C95213,3,602.24,603 Main St,TRK40630538,8,MISSING,1806.72,75.28,2,0,0.0,0,0,0,0,1,0,0,1,0,0,0,1,0,0,0,0,0,1
ORD200367,2024-04-25,C13108,5,658.77,712 Main St,TRK82284400,10,FREESHIP,3293.85,65.877,4,1,0.0,0,1,0,0,0,0,0,0,1,0,0,1,0,0,0,0,1,0
ORD200368,2023-05-01,C85322,3,271.02,403 Main St,TRK89728869,6,MISSING,813.06,45.169999999999995,5,0,0.0,0,0,1,0,0,0,1,0,0,0,0,0,0,0,0,1,0,0
ORD200369,2024-12-22,C43545,5,375.25,216 Main St,TRK73937402,9,SAVE10,1876.25,41.69444444444444,12,1,10.0,0,0,1,0,0,0,0,0,1,0,0,1,0,0,0,0,0,0
ORD200370,2025-05-03,C80649,1,312.11,870 Main St,TRK41143313,4,WINTER15,312.11,78.0275,5,1,15.0,0,0,0,1,0,0,0,0,0,1,0,0,0,0,1,0,0,0
ORD200371,2023-01-05,C59752,5,307.76,179 Main St,TRK82229639,9,FREESHIP,1538.8,34.19555555555556,1,1,0.0,0,0,0,1,0,0,0,0,1,0,0,1,0,0,0,1,0,0
ORD200372,2025-02-14,C53645,3,483.53,166 Main St,TRK12123939,4,MISSING,1450.59,120.8825,2,0,0.0,0,0,0,0,0,0,0,0,0,0,0,0,1,0,0,0,0,1
ORD200373,2023-01-02,C60178,3,341.15,969 Main St,TRK84505143,4,FREESHIP,1023.45,85.2875,1,1,0.0,0,1,0,0,0,0,0,0,0,0,0,1,0,0,0,0,1,0
ORD200374,2024-09-16,C20286,1,571.9,129 Main St,TRK67648338,1,WINTER15,571.9,571.9,9,1,15.0,0,0,1,0,0,0,0,0,1,0,0,1,0,0,0,0,1,0
ORD200375,2025-01-16,C87547,4,95.03,400 Main St,TRK71027262,8,FREESHIP,380.12,11.87875,1,1,0.0,0,0,1,0,0,0,0,0,0,1,0,0,0,1,1,0,0,0
ORD200376,2023-08-24,C64549,5,201.22,341 Main St,TRK20788231,6,FREESHIP,1006.1,33.53666666666667,8,1,0.0,0,0,1,0,0,0,0,1,0,0,0,1,0,0,1,0,0,0
ORD200377,2024-07-22,C24884,1,260.26,625 Main St,TRK44538419,5,WINTER15,260.26,52.052,7,1,15.0,0,0,1,0,0,0,0,0,0,1,0,1,0,0,0,0,1,0
ORD200378,2024-02-01,C62666,5,64.5,148 Main St,TRK91029390,8,WINTER15,322.5,8.0625,2,1,15.0,0,0,0,0,0,0,1,0,0,0,0,1,0,0,0,0,1,0
ORD200379,2024-09-21,C47284,3,297.67,500 Main St,TRK85756094,6,MISSING,893.01,49.61166666666667,9,0,0.0,0,0,0,1,0,0,0,0,0,1,0,0,0,1,0,1,0,0
ORD200380,2024-04-20,C35355,4,331.9,127 Main St,TRK52935059,5,SAVE10,1327.6,66.38,4,1,10.0,0,0,0,0,1,0,0,0,0,0,0,1,0,0,0,0,1,0
ORD200381,2023-06-07,C29467,1,191.76,223 Main St,TRK98103385,1,FREESHIP,191.76,191.76,6,1,0.0,0,0,0,0,0,0,1,0,0,0,0,0,1,0,0,0,1,0
ORD200382,2025-01-30,C26718,4,263.09,272 Main St,TRK91702525,8,SAVE10,1052.36,32.88625,1,1,10.0,0,0,0,0,1,0,0,1,0,0,0,0,0,1,0,1,0,0
ORD200383,2023-01-20,C18944,4,393.8,837 Main St,TRK45275439,7,SAVE10,1575.2,56.25714285714286,1,1,10.0,0,0,0,0,0,0,1,0,0,0,0,1,0,0,0,0,0,0
ORD200384,2024-11-24,C35628,3,553.57,147 Main St,TRK45688220,4,FREESHIP,1660.71,138.3925,11,1,0.0,0,0,0,0,0,0,1,0,0,0,0,0,1,0,1,0,0,0
ORD200385,2023-10-31,C56851,5,191.63,752 Main St,TRK65290904,6,FREESHIP,958.15,31.938333333333333,10,1,0.0,0,0,0,0,0,0,0,0,1,0,1,0,0,0,1,0,0,0
ORD200386,2023-04-28,C12421,1,93.02,373 Main St,TRK32588504,4,MISSING,93.02,23.255,4,0,0.0,0,0,0,0,0,1,0,0,0,1,0,0,1,0,0,0,0,0
ORD200387,2024-06-27,C25316,2,39.53,904 Main St,TRK55423551,3,WINTER15,79.06,13.176666666666668,6,1,15.0,0,0,0,0,1,0,1,0,0,0,0,0,0,1,0,1,0,0
ORD200388,2023-12-28,C22657,3,633.97,152 Main St,TRK49157047,7,WINTER15,1901.91,90.56714285714285,12,1,15.0,0,0,0,0,1,0,0,0,0,0,0,1,0,0,1,0,0,0
ORD200389,2023-12-17,C29703,4,697.5,558 Main St,TRK40543461,7,FREESHIP,2790.0,99.64285714285714,12,1,0.0,1,0,0,0,0,0,0,0,0,0,0,0,0,1,0,0,0,1
ORD200390,2023-07-14,C55996,5,508.69,885 Main St,TRK30547638,10,FREESHIP,2543.45,50.869,7,1,0.0,0,0,0,0,1,0,0,0,0,0,1,0,0,0,0,1,0,0
ORD200391,2025-01-16,C60037,2,527.46,516 Main St,TRK82009557,3,FREESHIP,1054.92,175.82000000000002,1,1,0.0,0,1,0,0,0,0,0,1,0,0,0,0,0,0,0,0,0,1
ORD200392,2024-02-28,C95100,1,627.2,197 Main St,TRK47366265,1,WINTER15,627.2,627.2,2,1,15.0,0,0,0,1,0,0,0,0,0,1,1,0,0,0,0,0,0,0
ORD200393,2024-07-14,C39906,1,75.01,921 Main St,TRK24632134,3,MISSING,75.01,25.003333333333334,7,0,0.0,0,0,0,0,1,0,1,0,0,0,0,0,1,0,0,1,0,0
ORD200394,2023-07-05,C70148,5,529.55,359 Main St,TRK34848650,10,MISSING,2647.75,52.955,7,0,0.0,1,0,0,0,0,0,0,0,1,0,0,0,0,1,1,0,0,0
ORD200395,2025-04-25,C30010,3,127.41,830 Main St,TRK35386084,7,SAVE10,382.23,18.201428571428572,4,1,10.0,0,0,0,1,0,0,0,0,1,0,1,0,0,0,0,0,0,1
ORD200396,2023-12-01,C99217,5,287.13,778 Main St,TRK82004594,10,SAVE10,1435.65,28.713,12,1,10.0,0,0,0,0,0,1,0,0,0,1,0,0,0,1,0,0,0,0
ORD200397,2023-09-28,C30184,1,427.06,987 Main St,TRK86674704,1,WINTER15,427.06,427.06,9,1,15.0,0,0,1,0,0,0,0,0,0,1,0,0,0,0,0,0,0,1
ORD200398,2024-09-04,C50275,5,53.93,729 Main St,TRK98925264,7,SAVE10,269.65,7.704285714285715,9,1,10.0,0,0,0,1,0,0,0,0,1,0,0,0,0,1,0,0,1,0
ORD200399,2024-01-07,C64641,5,423.93,319 Main St,TRK32012588,5,FREESHIP,2119.65,84.786,1,1,0.0,0,0,0,0,0,1,0,1,0,0,0,0,1,0,1,0,0,0
ORD200400,2024-09-28,C56266,4,160.22,304 Main St,TRK60088901,9,WINTER15,640.88,17.802222222222223,9,1,15.0,1,0,0,0,0,0,0,1,0,0,0,0,1,0,0,0,1,0
ORD200401,2025-04-09,C98635,1,538.68,197 Main St,TRK14225465,6,MISSING,538.68,89.77999999999999,4,0,0.0,0,0,0,0,1,0,0,1,0,0,0,0,1,0,0,0,0,1
ORD200402,2023-04-09,C83026,5,337.38,858 Main St,TRK79746259,5,MISSING,1686.9,67.476,4,0,0.0,0,0,0,0,1,0,0,0,1,0,0,0,0,1,0,0,0,1
ORD200403,2024-11-10,C28893,1,620.21,740 Main St,TRK98333066,1,FREESHIP,620.21,620.21,11,1,0.0,0,0,0,0,0,1,0,0,0,1,0,0,1,0,0,0,0,1
ORD200404,2023-03-09,C45482,2,99.1,440 Main St,TRK54571699,6,MISSING,198.2,16.516666666666666,3,0,0.0,0,0,1,0,0,0,0,0,0,0,1,0,0,0,0,0,1,0
ORD200405,2025-01-26,C97774,4,451.97,603 Main St,TRK64664424,7,WINTER15,1807.88,64.56714285714285,1,1,15.0,0,0,1,0,0,0,0,0,0,1,0,0,0,0,0,0,0,0
ORD200406,2023-12-10,C11657,4,66.1,572 Main St,TRK50284486,9,WINTER15,264.4,7.344444444444444,12,1,15.0,0,0,0,0,0,1,0,0,0,0,0,0,1,0,0,1,0,0
ORD200407,2023-08-13,C85993,4,547.32,250 Main St,TRK72547640,8,FREESHIP,2189.28,68.415,8,1,0.0,0,0,0,0,0,1,0,0,0,0,0,0,1,0,0,0,1,0
ORD200408,2025-01-01,C11906,3,412.53,536 Main St,TRK31140158,6,WINTER15,1237.59,68.755,1,1,15.0,0,0,0,0,1,0,0,0,0,1,0,1,0,0,0,1,0,0
ORD200409,2023-06-28,C45187,5,84.13,767 Main St,TRK12320793,9,SAVE10,420.65,9.347777777777777,6,1,10.0,1,0,0,0,0,0,0,0,0,1,1,0,0,0,0,1,0,0
ORD200410,2024-01-18,C37375,2,518.23,184 Main St,TRK52470162,5,MISSING,1036.46,103.646,1,0,0.0,0,0,0,0,0,1,0,1,0,0,0,0,0,1,0,0,0,0
ORD200411,2024-06-19,C66567,2,39.51,981 Main St,TRK21174822,5,MISSING,79.02,7.901999999999999,6,0,0.0,1,0,0,0,0,0,0,0,0,1,0,0,0,1,1,0,0,0
ORD200412,2025-04-11,C42451,5,133.01,246 Main St,TRK31313343,10,MISSING,665.05,13.300999999999998,4,0,0.0,0,0,0,0,0,1,1,0,0,0,0,0,1,0,1,0,0,0
ORD200413,2023-10-08,C13923,1,118.8,123 Main St,TRK87598790,6,SAVE10,118.8,19.8,10,1,10.0,0,0,0,0,0,1,0,0,0,1,1,0,0,0,0,0,0,0
ORD200414,2025-05-04,C11829,2,139.57,797 Main St,TRK84229257,4,WINTER15,279.14,34.8925,5,1,15.0,1,0,0,0,0,0,0,0,0,0,1,0,0,0,1,0,0,0
ORD200415,2025-04-06,C62169,1,184.15,655 Main St,TRK64558985,5,FREESHIP,184.15,36.83,4,1,0.0,0,0,0,0,0,0,0,0,1,0,0,0,0,1,1,0,0,0
ORD200416,2023-07-18,C20881,2,644.05,652 Main St,TRK26263902,5,WINTER15,1288.1,128.81,7,1,15.0,0,1,0,0,0,0,0,0,1,0,0,0,0,0,0,0,0,1
ORD200417,2023-10-24,C44492,5,55.41,954 Main St,TRK51429869,5,MISSING,277.05,11.081999999999999,10,0,0.0,0,1,0,0,0,0,0,0,0,1,0,0,0,0,0,1,0,0
ORD200418,2023-01-11,C74169,1,310.93,862 Main St,TRK66144809,3,MISSING,310.93,103.64333333333333,1,0,0.0,0,0,0,0,1,0,0,0,0,1,0,0,0,0,1,0,0,0
ORD200419,2024-04-17,C70999,2,216.66,885 Main St,TRK75644156,6,FREESHIP,433.32,36.11,4,1,0.0,0,0,0,0,0,1,0,1,0,0,0,1,0,0,0,0,1,0
ORD200420,2024-11-29,C11921,1,452.7,439 Main St,TRK91362635,5,FREESHIP,452.7,90.53999999999999,11,1,0.0,0,0,0,1,0,0,0,1,0,0,0,0,0,1,0,0,1,0
ORD200421,2023-10-15,C50683,2,288.21,769 Main St,TRK53032122,5,MISSING,576.42,57.641999999999996,10,0,0.0,0,0,0,0,0,0,0,1,0,0,0,0,0,0,0,0,0,0
ORD200422,2023-06-05,C76140,4,206.6,914 Main St,TRK25861469,6,WINTER15,826.4,34.43333333333333,6,1,15.0,0,0,0,1,0,0,0,0,1,0,0,0,1,0,0,0,0,1
ORD200423,2024-07-20,C94311,4,685.2,195 Main St,TRK97308771,6,WINTER15,2740.8,114.2,7,1,15.0,0,0,0,0,1,0,0,0,1,0,0,0,0,0,0,1,0,0
ORD200424,2023-04-12,C49491,5,22.94,339 Main St,TRK64012257,10,MISSING,114.7,2.294,4,0,0.0,0,0,0,0,0,0,0,0,0,0,0,1,0,0,0,0,0,0
ORD200425,2023-03-09,C40648,2,301.88,488 Main St,TRK25325993,5,WINTER15,603.76,60.376,3,1,15.0,0,1,0,0,0,0,0,0,1,0,0,0,1,0,0,0,0,0
ORD200426,2025-03-16,C40967,5,57.45,315 Main St,TRK24839296,10,MISSING,287.25,5.745,3,0,0.0,0,0,1,0,0,0,0,0,0,0,0,0,0,0,1,0,0,0
ORD200427,2024-12-18,C25406,1,161.24,379 Main St,TRK70952564,3,WINTER15,161.24,53.74666666666667,12,1,15.0,1,0,0,0,0,0,1,0,0,0,0,1,0,0,0,0,1,0
ORD200428,2024-11-26,C77085,4,262.58,895 Main St,TRK57227640,8,WINTER15,1050.32,32.8225,11,1,15.0,0,0,0,0,0,0,0,0,0,1,0,0,0,0,0,0,0,0
ORD200429,2024-12-19,C38126,4,515.19,522 Main St,TRK90838498,9,SAVE10,2060.76,57.24333333333334,12,1,10.0,0,0,0,0,1,0,1,0,0,0,0,1,0,0,1,0,0,0
ORD200430,2023-06-07,C87448,1,450.07,433 Main St,TRK44134016,6,FREESHIP,450.07,75.01166666666667,6,1,0.0,0,0,0,1,0,0,0,0,1,0,0,0,0,1,0,1,0,0
ORD200431,2024-10-06,C62312,1,52.54,651 Main St,TRK59623037,6,WINTER15,52.54,8.756666666666666,10,1,15.0,0,0,0,0,1,0,0,1,0,0,0,0,0,0,1,0,0,0
ORD200432,2023-09-04,C58443,2,424.32,662 Main St,TRK77163738,6,MISSING,848.64,70.72,9,0,0.0,0,0,0,0,0,1,1,0,0,0,0,0,1,0,0,0,0,1
ORD200433,2023-08-26,C36613,3,631.64,785 Main St,TRK13282106,3,FREESHIP,1894.92,210.54666666666665,8,1,0.0,0,0,1,0,0,0,1,0,0,0,0,0,1,0,1,0,0,0
ORD200434,2023-10-22,C73893,5,327.68,384 Main St,TRK85939879,6,MISSING,1638.4,54.61333333333334,10,0,0.0,0,0,0,0,1,0,1,0,0,0,0,0,1,0,1,0,0,0
ORD200435,2023-05-27,C48601,1,414.47,101 Main St,TRK97868309,3,FREESHIP,414.47,138.15666666666667,5,1,0.0,0,0,0,0,1,0,0,1,0,0,0,0,1,0,0,0,1,0
ORD200436,2023-02-11,C14568,4,221.33,651 Main St,TRK73545796,5,MISSING,885.32,44.266000000000005,2,0,0.0,0,1,0,0,0,0,0,0,0,1,0,1,0,0,0,1,0,0
ORD200437,2024-04-18,C63378,1,512.39,955 Main St,TRK20863705,2,FREESHIP,512.39,256.195,4,1,0.0,0,0,0,1,0,0,0,0,0,1,1,0,0,0,0,0,1,0
ORD200438,2025-01-03,C77800,3,459.34,436 Main St,TRK27439574,3,SAVE10,1378.02,153.11333333333332,1,1,10.0,0,0,0,0,0,1,0,0,1,0,0,1,0,0,0,0,1,0
ORD200439,2024-09-08,C91155,1,146.32,321 Main St,TRK36260319,4,WINTER15,146.32,36.58,9,1,15.0,0,0,0,0,0,1,0,0,0,1,0,0,0,1,1,0,0,0
ORD200440,2024-11-05,C60215,4,83.6,978 Main St,TRK31727767,4,SAVE10,334.4,20.9,11,1,10.0,1,0,0,0,0,0,0,1,0,0,0,1,0,0,1,0,0,0
ORD200441,2023-12-13,C52915,2,328.54,475 Main St,TRK79466982,6,FREESHIP,657.08,54.75666666666667,12,1,0.0,0,0,0,0,1,0,0,0,1,0,0,0,1,0,0,0,0,0
ORD200442,2024-05-06,C72588,5,314.94,661 Main St,TRK43410829,8,SAVE10,1574.7,39.3675,5,1,10.0,0,0,0,0,0,0,0,0,0,0,0,1,0,0,0,0,1,0
ORD200443,2024-05-14,C61668,2,69.64,813 Main St,TRK58970302,6,MISSING,139.28,11.606666666666667,5,0,0.0,0,0,0,0,0,0,0,0,0,0,0,0,1,0,1,0,0,0
ORD200444,2024-06-08,C79508,1,135.17,585 Main St,TRK61882353,6,FREESHIP,135.17,22.528333333333332,6,1,0.0,0,0,0,0,1,0,0,0,0,1,0,0,0,1,0,0,1,0
ORD200445,2024-03-23,C94569,1,487.21,227 Main St,TRK31351770,3,SAVE10,487.21,162.40333333333334,3,1,10.0,0,0,0,1,0,0,0,0,0,0,1,0,0,0,0,0,0,1
ORD200446,2023-10-18,C89592,5,509.58,262 Main St,TRK49442402,6,FREESHIP,2547.9,84.92999999999999,10,1,0.0,0,1,0,0,0,0,0,0,0,1,1,0,0,0,0,0,1,0
ORD200447,2024-04-07,C48207,2,416.81,356 Main St,TRK45355655,2,MISSING,833.62,208.405,4,0,0.0,0,0,0,0,1,0,0,0,0,0,0,0,1,0,1,0,0,0
ORD200448,2023-09-04,C16776,2,160.0,854 Main St,TRK12860600,4,SAVE10,320.0,40.0,9,1,10.0,0,1,0,0,0,0,0,0,0,0,0,1,0,0,0,0,1,0
ORD200449,2024-08-26,C91518,3,253.05,286 Main St,TRK48688724,3,MISSING,759.15,84.35000000000001,8,0,0.0,0,0,0,0,0,1,0,0,0,1,0,1,0,0,0,0,1,0
ORD200450,2024-01-15,C36408,5,615.1,160 Main St,TRK94023253,10,WINTER15,3075.5,61.510000000000005,1,1,15.0,0,0,1,0,0,0,0,0,1,0,0,0,1,0,0,0,1,0
ORD200451,2023-04-01,C14837,1,183.18,647 Main St,TRK17501136,6,SAVE10,183.18,30.53,4,1,10.0,0,0,1,0,0,0,0,1,0,0,0,0,0,0,0,0,0,0
ORD200452,2023-07-23,C36467,1,75.78,581 Main St,TRK20863987,5,SAVE10,75.78,15.156,7,1,10.0,0,0,0,0,1,0,0,0,0,0,0,1,0,0,0,1,0,0
ORD200453,2025-05-02,C15017,1,675.57,492 Main St,TRK51241924,1,WINTER15,675.57,675.57,5,1,15.0,0,0,0,0,0,1,0,0,0,0,0,0,0,1,1,0,0,0
ORD200454,2024-11-27,C54759,1,109.29,686 Main St,TRK75583042,5,FREESHIP,109.29,21.858,11,1,0.0,0,1,0,0,0,0,0,1,0,0,0,0,0,0,0,1,0,0
ORD200455,2024-03-26,C58341,1,639.83,874 Main St,TRK32856728,2,SAVE10,639.83,319.915,3,1,10.0,0,0,0,1,0,0,0,1,0,0,0,1,0,0,0,0,0,1
ORD200456,2023-06-26,C94479,5,62.81,259 Main St,TRK69089975,9,SAVE10,314.05,6.978888888888889,6,1,10.0,1,0,0,0,0,0,1,0,0,0,0,0,0,1,1,0,0,0
ORD200457,2025-05-25,C50236,4,615.83,545 Main St,TRK67692578,4,WINTER15,2463.32,153.9575,5,1,15.0,1,0,0,0,0,0,0,0,0,1,0,0,1,0,0,0,1,0
ORD200458,2024-07-02,C31412,4,510.58,196 Main St,TRK61946127,7,WINTER15,2042.32,72.94,7,1,15.0,0,0,1,0,0,0,1,0,0,0,0,0,1,0,0,0,0,0
ORD200459,2024-07-24,C90142,1,334.39,433 Main St,TRK39717191,2,MISSING,334.39,167.195,7,0,0.0,1,0,0,0,0,0,1,0,0,0,0,0,1,0,0,0,1,0
ORD200460,2024-10-06,C83548,1,144.25,474 Main St,TRK93822942,2,WINTER15,144.25,72.125,10,1,15.0,0,1,0,0,0,0,0,0,0,0,0,0,1,0,0,0,0,1
ORD200461,2024-06-08,C29697,1,401.82,407 Main St,TRK47776482,5,FREESHIP,401.82,80.364,6,1,0.0,0,0,0,0,0,1,1,0,0,0,0,0,0,1,0,1,0,0
ORD200462,2025-03-31,C22991,1,252.68,731 Main St,TRK32796086,1,MISSING,252.68,252.68,3,0,0.0,0,0,0,1,0,0,0,0,0,1,0,0,0,0,0,0,0,1
ORD200463,2023-05-26,C25276,5,662.78,214 Main St,TRK14011732,9,SAVE10,3313.9,73.64222222222222,5,1,10.0,0,1,0,0,0,0,0,1,0,0,0,0,0,1,0,0,1,0
ORD200464,2023-03-14,C39176,4,434.42,739 Main St,TRK71418686,6,FREESHIP,1737.68,72.40333333333334,3,1,0.0,0,0,0,0,0,1,0,0,0,1,0,0,0,0,0,1,0,0
ORD200465,2024-02-26,C58773,5,513.49,391 Main St,TRK65438300,8,MISSING,2567.45,64.18625,2,0,0.0,0,0,0,0,1,0,0,0,1,0,0,0,0,0,0,1,0,0
ORD200466,2023-07-18,C37412,1,432.47,895 Main St,TRK97829604,4,FREESHIP,432.47,108.1175,7,1,0.0,0,0,0,1,0,0,0,0,0,0,1,0,0,0,0,0,0,1
ORD200467,2024-08-30,C36492,1,45.94,572 Main St,TRK44350440,2,WINTER15,45.94,22.97,8,1,15.0,1,0,0,0,0,0,0,0,0,0,0,0,0,0,0,0,0,0
ORD200468,2025-06-21,C90110,1,418.36,998 Main St,TRK60203957,5,FREESHIP,418.36,83.672,6,1,0.0,0,0,0,1,0,0,1,0,0,0,1,0,0,0,0,0,0,0
ORD200469,2023-11-26,C13877,5,676.98,893 Main St,TRK17254691,5,MISSING,3330.4075,135.39600000000002,11,0,0.0,0,0,0,0,0,0,0,0,0,0,0,0,0,0,1,0,0,0
ORD200470,2023-09-29,C25149,4,263.62,672 Main St,TRK33538608,5,SAVE10,1054.48,52.724000000000004,9,1,10.0,0,0,0,0,0,1,0,0,0,0,0,0,0,1,0,0,0,0
ORD200471,2025-04-19,C52717,5,551.27,395 Main St,TRK27625571,7,FREESHIP,2756.35,78.75285714285714,4,1,0.0,1,0,0,0,0,0,0,0,0,1,0,0,0,0,0,0,0,1
ORD200472,2023-01-06,C60029,3,508.12,796 Main St,TRK86461316,8,FREESHIP,1524.36,63.515,1,1,0.0,0,0,0,0,0,0,1,0,0,0,0,0,0,0,0,0,0,1
ORD200473,2025-02-25,C28552,2,14.93,449 Main St,TRK71597160,4,MISSING,29.86,3.7325,2,0,0.0,0,0,0,0,0,0,0,0,0,1,0,0,0,1,1,0,0,0
ORD200474,2023-11-15,C72293,3,229.34,398 Main St,TRK84378003,6,SAVE10,688.02,38.223333333333336,11,1,10.0,0,0,0,0,1,0,1,0,0,0,0,0,0,1,0,0,0,1
ORD200475,2025-04-19,C29844,2,438.62,363 Main St,TRK91642337,3,SAVE10,877.24,146.20666666666668,4,1,10.0,0,0,0,0,0,1,0,0,0,0,0,0,0,0,1,0,0,0
ORD200476,2024-01-15,C77872,2,513.59,867 Main St,TRK19292184,4,FREESHIP,1027.18,128.3975,1,1,0.0,0,0,0,1,0,0,0,0,0,1,0,0,1,0,0,0,0,1
ORD200477,2025-03-05,C56564,2,253.74,481 Main St,TRK13166044,5,SAVE10,507.48,50.748000000000005,3,1,10.0,0,0,0,1,0,0,0,0,0,1,0,0,0,1,0,1,0,0
ORD200478,2024-11-01,C16758,3,62.77,914 Main St,TRK88544431,6,FREESHIP,188.31,10.461666666666668,11,1,0.0,0,0,0,0,0,1,0,0,1,0,0,0,0,1,0,0,0,1
ORD200479,2023-02-18,C87011,4,25.29,943 Main St,TRK21429162,8,MISSING,101.16,3.16125,2,0,0.0,0,0,1,0,0,0,1,0,0,0,0,1,0,0,0,1,0,0
ORD200480,2023-06-16,C21147,1,335.1,126 Main St,TRK93171043,6,FREESHIP,335.1,55.85,6,1,0.0,0,0,0,0,0,0,0,1,0,0,0,1,0,0,0,0,0,1
ORD200481,2023-04-23,C94568,4,484.85,317 Main St,TRK58653915,5,WINTER15,1939.4,96.97,4,1,15.0,0,1,0,0,0,0,0,1,0,0,1,0,0,0,0,0,0,1
ORD200482,2025-03-02,C35852,3,381.41,989 Main St,TRK22302049,6,MISSING,1144.23,63.568333333333335,3,0,0.0,0,0,1,0,0,0,0,0,0,1,0,1,0,0,0,0,1,0
ORD200483,2023-01-18,C66462,5,347.92,982 Main St,TRK52743700,6,WINTER15,1739.6,57.98666666666667,1,1,15.0,0,0,0,1,0,0,0,0,0,0,0,1,0,0,0,1,0,0
ORD200484,2024-05-29,C29092,4,15.01,767 Main St,TRK90455340,6,MISSING,60.04,2.5016666666666665,5,0,0.0,0,0,0,0,0,0,0,0,0,0,0,0,0,0,1,0,0,0
ORD200485,2023-08-01,C46651,3,404.79,764 Main St,TRK67679195,6,SAVE10,1214.37,67.465,8,1,10.0,0,0,0,0,0,0,0,0,0,0,0,0,0,1,0,0,1,0
ORD200486,2023-02-03,C88981,4,611.26,558 Main St,TRK75267873,5,SAVE10,2445.04,122.252,2,1,10.0,0,0,0,0,1,0,0,0,0,0,0,0,0,1,0,0,0,1
ORD200487,2023-03-09,C40136,3,346.52,211 Main St,TRK92924852,3,SAVE10,1039.56,115.50666666666666,3,1,10.0,0,0,0,0,1,0,1,0,0,0,0,1,0,0,0,1,0,0
ORD200488,2024-12-05,C81573,1,36.65,556 Main St,TRK96522994,1,WINTER15,36.65,36.65,12,1,15.0,0,0,0,0,0,0,0,0,0,1,0,0,0,0,0,0,0,0
ORD200489,2023-09-05,C11940,3,149.34,589 Main St,TRK85466461,7,WINTER15,448.02,21.334285714285716,9,1,15.0,0,0,0,0,0,1,0,0,1,0,0,0,0,0,0,0,0,0
ORD200490,2024-07-22,C50097,5,467.81,539 Main St,TRK62785150,10,MISSING,2339.05,46.781,7,0,0.0,0,0,0,0,0,0,0,0,0,1,0,0,0,0,1,0,0,0
ORD200491,2023-01-05,C98168,5,420.7,481 Main St,TRK56423359,5,WINTER15,2103.5,84.14,1,1,15.0,0,0,0,1,0,0,0,0,0,0,0,1,0,0,1,0,0,0
ORD200492,2023-10-25,C39074,5,606.52,103 Main St,TRK13027036,6,SAVE10,3032.6,101.08666666666666,10,1,10.0,0,1,0,0,0,0,0,1,0,0,0,0,0,1,0,0,1,0
ORD200493,2025-01-28,C84908,1,420.26,372 Main St,TRK64135970,4,FREESHIP,420.26,105.065,1,1,0.0,0,0,0,1,0,0,1,0,0,0,0,1,0,0,1,0,0,0
ORD200494,2023-07-19,C64516,3,505.79,459 Main St,TRK63920573,3,FREESHIP,1517.37,168.59666666666666,7,1,0.0,0,1,0,0,0,0,0,1,0,0,0,1,0,0,0,0,0,1
ORD200495,2025-06-05,C63827,4,493.73,947 Main St,TRK35730581,6,SAVE10,1974.92,82.28833333333334,6,1,10.0,0,0,0,1,0,0,0,1,0,0,0,1,0,0,1,0,0,0
ORD200496,2025-03-14,C93618,3,201.21,249 Main St,TRK66129326,3,SAVE10,603.63,67.07000000000001,3,1,10.0,0,0,0,0,1,0,0,0,0,1,0,0,0,0,0,1,0,0
ORD200497,2024-10-24,C93948,3,112.29,454 Main St,TRK77358113,6,MISSING,336.87,18.715,10,0,0.0,0,0,0,0,1,0,0,0,1,0,0,0,0,1,0,1,0,0
ORD200498,2023-07-12,C73961,4,132.56,306 Main St,TRK32607173,8,WINTER15,530.24,16.57,7,1,15.0,0,0,0,0,0,1,0,0,0,0,0,0,1,0,0,0,1,0
ORD200499,2023-04-06,C18138,3,539.46,520 Main St,TRK20289483,4,SAVE10,1618.38,134.865,4,1,10.0,0,0,0,0,1,0,1,0,0,0,0,0,0,1,1,0,0,0
ORD200500,2024-04-07,C79475,5,508.59,169 Main St,TRK42168516,8,WINTER15,2542.95,63.57375,4,1,15.0,0,1,0,0,0,0,0,0,0,0,0,0,1,0,1,0,0,0
ORD200501,2024-02-04,C88546,4,203.46,226 Main St,TRK19867754,7,SAVE10,813.84,29.065714285714286,2,1,10.0,1,0,0,0,0,0,1,0,0,0,0,1,0,0,0,0,0,1
ORD200502,2023-05-20,C69332,3,565.25,745 Main St,TRK65718848,7,SAVE10,1695.75,80.75,5,1,10.0,0,0,1,0,0,0,0,1,0,0,0,0,1,0,0,0,0,0
ORD200503,2023-08-31,C64554,3,136.84,498 Main St,TRK95384568,4,FREESHIP,410.52,34.21,8,1,0.0,0,0,0,0,0,1,0,0,0,1,0,1,0,0,1,0,0,0
ORD200504,2025-06-11,C11676,2,464.5,805 Main St,TRK35726395,2,WINTER15,929.0,232.25,6,1,15.0,0,0,1,0,0,0,0,0,0,1,0,0,0,0,0,0,1,0
ORD200505,2023-06-11,C36014,2,434.97,558 Main St,TRK97246526,7,MISSING,869.94,62.13857142857143,6,0,0.0,0,0,0,0,1,0,0,0,0,1,0,0,0,1,0,0,0,0
ORD200506,2023-07-25,C23279,2,43.67,696 Main St,TRK58039693,4,WINTER15,87.34,10.9175,7,1,15.0,0,0,1,0,0,0,0,0,0,0,0,0,1,0,0,0,1,0
ORD200507,2023-07-05,C86481,1,171.59,546 Main St,TRK87513944,5,WINTER15,171.59,34.318,7,1,15.0,0,0,0,1,0,0,1,0,0,0,0,1,0,0,0,0,0,0
ORD200508,2025-05-14,C39550,1,558.27,976 Main St,TRK24120267,1,MISSING,558.27,558.27,5,0,0.0,0,0,0,1,0,0,0,0,0,1,1,0,0,0,0,0,0,1
ORD200509,2023-02-15,C68937,2,425.03,560 Main St,TRK31908657,2,WINTER15,850.06,212.515,2,1,15.0,0,1,0,0,0,0,0,0,0,0,0,0,1,0,0,1,0,0
ORD200510,2024-12-16,C72533,1,376.76,389 Main St,TRK51288986,5,SAVE10,376.76,75.352,12,1,10.0,0,0,0,0,1,0,0,1,0,0,1,0,0,0,0,0,0,0
ORD200511,2024-03-15,C11415,5,575.24,267 Main St,TRK65061457,7,WINTER15,2876.2,82.17714285714285,3,1,15.0,0,0,1,0,0,0,0,0,0,0,1,0,0,0,0,0,0,0
ORD200512,2024-09-27,C14114,3,568.02,856 Main St,TRK63290700,3,FREESHIP,1704.06,189.34,9,1,0.0,1,0,0,0,0,0,0,0,0,1,0,1,0,0,0,0,1,0
ORD200513,2025-02-09,C64128,3,94.88,533 Main St,TRK37053575,8,MISSING,284.64,11.86,2,0,0.0,0,0,0,0,0,1,0,0,1,0,0,0,0,1,0,0,0,1
ORD200514,2023-04-16,C15629,3,304.15,492 Main St,TRK64926044,3,WINTER15,912.45,101.38333333333333,4,1,15.0,0,0,0,0,1,0,0,0,1,0,0,0,0,1,0,0,1,0
ORD200515,2023-03-14,C67561,3,553.52,160 Main St,TRK75900717,4,FREESHIP,1660.56,138.38,3,1,0.0,0,0,0,1,0,0,0,0,1,0,0,0,0,1,1,0,0,0
ORD200516,2024-04-07,C47022,3,166.99,208 Main St,TRK28855040,8,MISSING,500.97,20.87375,4,0,0.0,0,0,1,0,0,0,0,0,0,0,0,0,1,0,1,0,0,0
ORD200517,2024-04-09,C55205,4,198.35,943 Main St,TRK88141634,7,FREESHIP,793.4,28.335714285714285,4,1,0.0,0,0,0,0,0,1,0,0,0,0,0,0,0,0,0,1,0,0
ORD200518,2025-06-13,C30686,4,403.58,319 Main St,TRK59807273,9,SAVE10,1614.32,44.84222222222222,6,1,10.0,0,0,0,0,1,0,0,0,0,1,0,1,0,0,0,0,0,1
ORD200519,2025-05-10,C71797,4,464.29,941 Main St,TRK66010667,5,SAVE10,1857.16,92.858,5,1,10.0,0,1,0,0,0,0,0,1,0,0,0,0,1,0,0,0,0,0
ORD200520,2023-03-10,C66332,3,635.98,959 Main St,TRK27063398,5,MISSING,1907.94,127.196,3,0,0.0,0,0,1,0,0,0,0,0,0,0,0,0,1,0,0,0,0,1
ORD200521,2024-02-25,C82318,1,528.06,991 Main St,TRK37534165,2,MISSING,528.06,264.03,2,0,0.0,0,0,0,1,0,0,1,0,0,0,0,0,0,1,1,0,0,0
ORD200522,2024-04-20,C66254,1,515.32,740 Main St,TRK82843861,1,FREESHIP,515.32,515.32,4,1,0.0,0,0,0,0,0,0,0,0,1,0,0,0,0,0,0,0,0,0
ORD200523,2025-02-18,C65083,4,657.79,652 Main St,TRK60937148,6,WINTER15,2631.16,109.63166666666666,2,1,15.0,1,0,0,0,0,0,1,0,0,0,0,0,1,0,0,1,0,0
ORD200524,2023-10-25,C44778,1,153.0,103 Main St,TRK92617366,4,MISSING,153.0,38.25,10,0,0.0,0,0,0,1,0,0,1,0,0,0,0,0,1,0,0,0,0,1
ORD200525,2023-12-03,C54499,1,668.48,160 Main St,TRK18061555,1,SAVE10,668.48,668.48,12,1,10.0,0,0,1,0,0,0,0,1,0,0,0,0,0,1,0,0,0,0
ORD200526,2024-02-29,C91201,2,46.5,837 Main St,TRK63526023,7,WINTER15,93.0,6.642857142857143,2,1,15.0,1,0,0,0,0,0,0,0,0,0,0,0,1,0,0,1,0,0
ORD200527,2024-08-19,C27202,5,653.47,967 Main St,TRK75406128,10,SAVE10,3267.35,65.34700000000001,8,1,10.0,0,0,0,0,0,0,1,0,0,0,0,0,0,0,0,0,0,1
ORD200528,2025-02-26,C32011,1,628.89,686 Main St,TRK70997744,2,SAVE10,628.89,314.445,2,1,10.0,0,0,0,0,0,0,1,0,0,0,0,0,1,0,0,0,0,1
ORD200529,2024-04-07,C21181,2,675.1,938 Main St,TRK50363421,4,FREESHIP,1350.2,168.775,4,1,0.0,0,0,0,0,0,1,0,0,0,0,0,1,0,0,0,1,0,0
ORD200530,2024-07-18,C98450,4,89.41,613 Main St,TRK14809530,9,MISSING,357.64,9.934444444444445,7,0,0.0,0,0,0,0,0,0,0,0,0,1,0,1,0,0,0,1,0,0
ORD200531,2024-07-02,C64502,5,320.01,722 Main St,TRK14914388,6,MISSING,1600.05,53.335,7,0,0.0,1,0,0,0,0,0,0,0,1,0,1,0,0,0,0,0,0,1
ORD200532,2025-05-03,C47365,2,41.0,369 Main St,TRK42207882,7,MISSING,82.0,5.857142857142857,5,0,0.0,0,1,0,0,0,0,0,0,0,1,1,0,0,0,0,0,0,0
ORD200533,2023-03-05,C66349,1,565.85,715 Main St,TRK63550793,1,FREESHIP,565.85,565.85,3,1,0.0,1,0,0,0,0,0,0,0,1,0,0,0,1,0,1,0,0,0
ORD200534,2024-06-06,C73289,3,648.59,906 Main St,TRK70872738,4,SAVE10,1945.77,162.1475,6,1,10.0,0,0,0,0,0,0,0,1,0,0,0,0,0,0,0,0,0,0
ORD200535,2024-07-24,C48649,3,68.12,332 Main St,TRK45821445,3,FREESHIP,204.36,22.706666666666667,7,1,0.0,0,0,1,0,0,0,0,0,0,1,0,0,0,0,0,0,0,0
ORD200536,2024-06-09,C18724,1,616.1,124 Main St,TRK52508861,6,MISSING,616.1,102.68333333333334,6,0,0.0,0,0,0,0,0,0,0,0,0,0,0,0,1,0,0,0,0,0
ORD200537,2025-03-23,C68553,3,247.47,385 Main St,TRK58218971,4,SAVE10,742.41,61.8675,3,1,10.0,0,0,0,0,0,1,0,0,0,1,1,0,0,0,1,0,0,0
ORD200538,2024-05-24,C61280,3,490.74,100 Main St,TRK95487711,3,WINTER15,1472.22,163.58,5,1,15.0,0,0,0,1,0,0,0,0,0,0,0,0,0,1,0,0,0,0
ORD200539,2025-02-18,C53277,3,531.72,473 Main St,TRK17653832,7,SAVE10,1595.16,75.96000000000001,2,1,10.0,1,0,0,0,0,0,0,0,1,0,1,0,0,0,0,1,0,0
ORD200540,2024-01-29,C87281,5,648.65,852 Main St,TRK81765057,7,MISSING,3243.25,92.66428571428571,1,0,0.0,0,1,0,0,0,0,0,0,0,1,0,1,0,0,0,0,0,1
ORD200541,2023-08-07,C69009,5,456.06,879 Main St,TRK61295842,10,MISSING,2280.3,45.606,8,0,0.0,0,0,0,0,1,0,0,0,0,0,0,1,0,0,0,0,1,0
ORD200542,2023-11-14,C49726,1,17.98,934 Main St,TRK20739460,6,FREESHIP,17.98,2.9966666666666666,11,1,0.0,0,0,0,0,0,1,0,0,0,0,0,0,0,0,0,0,0,0
ORD200543,2024-03-09,C37531,5,269.86,354 Main St,TRK93877673,6,WINTER15,1349.3,44.97666666666667,3,1,15.0,1,0,0,0,0,0,0,0,0,0,0,0,0,1,1,0,0,0
ORD200544,2024-03-10,C48713,5,31.96,373 Main St,TRK96334419,5,FREESHIP,159.8,6.392,3,1,0.0,0,0,0,0,1,0,1,0,0,0,0,0,1,0,0,0,0,1
ORD200545,2023-12-19,C74138,2,98.47,964 Main St,TRK74091695,3,MISSING,196.94,32.82333333333333,12,0,0.0,0,0,1,0,0,0,0,0,0,0,0,0,1,0,0,0,1,0
ORD200546,2024-03-01,C82399,1,158.68,928 Main St,TRK77177284,6,WINTER15,158.68,26.44666666666667,3,1,15.0,0,0,1,0,0,0,1,0,0,0,0,0,1,0,0,0,1,0
ORD200547,2023-08-20,C40427,1,613.98,411 Main St,TRK25392280,4,FREESHIP,613.98,153.495,8,1,0.0,0,0,0,1,0,0,0,0,0,1,1,0,0,0,1,0,0,0
ORD200548,2024-01-05,C17103,3,426.12,922 Main St,TRK64398650,5,WINTER15,1278.36,85.224,1,1,15.0,0,0,0,0,1,0,0,0,0,1,1,0,0,0,0,0,1,0
ORD200549,2025-02-25,C34266,4,629.88,550 Main St,TRK56378197,8,WINTER15,2519.52,78.735,2,1,15.0,0,0,1,0,0,0,0,1,0,0,0,0,0,0,0,0,1,0
ORD200550,2023-10-29,C97485,4,228.91,573 Main St,TRK81794737,4,FREESHIP,915.64,57.2275,10,1,0.0,0,1,0,0,0,0,0,0,0,0,0,0,0,1,0,1,0,0
ORD200551,2023-05-18,C23947,1,120.98,353 Main St,TRK74812710,6,WINTER15,120.98,20.163333333333334,5,1,15.0,0,1,0,0,0,0,0,1,0,0,1,0,0,0,0,0,0,0
ORD200552,2023-09-30,C21665,4,425.18,560 Main St,TRK29890761,8,WINTER15,1700.72,53.1475,9,1,15.0,0,0,0,0,0,0,0,0,0,1,0,0,1,0,1,0,0,0
ORD200553,2023-08-23,C82550,2,333.83,828 Main St,TRK74103758,4,FREESHIP,667.66,83.4575,8,1,0.0,0,0,0,1,0,0,0,0,1,0,0,0,0,0,0,0,0,1
ORD200554,2025-05-30,C61943,2,492.9,610 Main St,TRK66126496,5,FREESHIP,985.8,98.58,5,1,0.0,0,1,0,0,0,0,0,0,0,0,0,0,1,0,0,0,1,0
ORD200555,2023-01-07,C88933,1,92.04,333 Main St,TRK89306964,2,MISSING,92.04,46.02,1,0,0.0,0,0,0,0,0,1,0,0,0,0,0,0,0,1,1,0,0,0
ORD200556,2023-01-28,C30923,1,654.27,932 Main St,TRK82609328,2,SAVE10,654.27,327.135,1,1,10.0,0,1,0,0,0,0,0,0,1,0,0,1,0,0,1,0,0,0
ORD200557,2023-06-29,C56969,1,56.2,130 Main St,TRK40719215,1,WINTER15,56.2,56.2,6,1,15.0,0,0,0,0,0,1,0,1,0,0,0,1,0,0,1,0,0,0
ORD200558,2024-07-16,C76766,4,628.12,485 Main St,TRK32052962,6,WINTER15,2512.48,104.68666666666667,7,1,15.0,0,0,0,1,0,0,0,0,0,1,1,0,0,0,0,0,1,0
ORD200559,2024-04-15,C22981,3,157.4,454 Main St,TRK10115285,7,WINTER15,472.2,22.485714285714288,4,1,15.0,1,0,0,0,0,0,0,1,0,0,0,0,0,0,0,0,0,0
ORD200560,2023-01-31,C33634,4,588.85,524 Main St,TRK93168008,7,MISSING,2355.4,84.12142857142858,1,0,0.0,0,0,1,0,0,0,0,0,1,0,0,1,0,0,0,0,0,0
ORD200561,2023-01-31,C96822,2,494.78,198 Main St,TRK89180077,2,MISSING,989.56,247.39,1,0,0.0,0,0,0,0,1,0,0,0,0,1,0,0,0,1,0,1,0,0
ORD200562,2023-10-06,C76675,3,663.93,922 Main St,TRK28043915,6,FREESHIP,1991.79,110.65499999999999,10,1,0.0,0,1,0,0,0,0,0,0,1,0,0,0,1,0,0,0,0,0
ORD200563,2023-12-12,C12039,1,132.68,844 Main St,TRK68645763,1,SAVE10,132.68,132.68,12,1,10.0,0,1,0,0,0,0,0,1,0,0,0,0,1,0,0,0,0,1
ORD200564,2025-04-08,C93309,5,364.28,734 Main St,TRK99446987,5,WINTER15,1821.4,72.856,4,1,15.0,1,0,0,0,0,0,1,0,0,0,0,0,0,0,0,1,0,0
ORD200565,2023-05-14,C62042,5,307.98,214 Main St,TRK42605492,10,MISSING,1539.9,30.798000000000002,5,0,0.0,0,0,0,0,0,1,0,0,0,1,0,1,0,0,1,0,0,0
ORD200566,2024-04-18,C83223,4,162.71,167 Main St,TRK54339083,7,FREESHIP,650.84,23.244285714285716,4,1,0.0,0,0,0,1,0,0,0,0,0,0,0,0,0,0,0,0,0,0
ORD200567,2024-09-30,C92575,5,492.94,153 Main St,TRK53579227,10,FREESHIP,2464.7,49.294,9,1,0.0,0,0,0,0,0,0,0,0,0,0,0,0,0,1,0,0,0,0
ORD200568,2023-03-10,C29072,2,343.99,312 Main St,TRK72334047,4,MISSING,687.98,85.9975,3,0,0.0,0,1,0,0,0,0,0,0,0,1,1,0,0,0,0,1,0,0
ORD200569,2025-03-22,C25783,5,250.68,672 Main St,TRK13289741,8,SAVE10,1253.4,31.335,3,1,10.0,1,0,0,0,0,0,0,0,0,0,0,0,0,1,0,0,1,0
ORD200570,2024-12-27,C63727,2,362.14,122 Main St,TRK13611021,2,SAVE10,724.28,181.07,12,1,10.0,1,0,0,0,0,0,0,1,0,0,0,1,0,0,0,0,1,0
ORD200571,2024-11-23,C42365,1,214.08,867 Main St,TRK39563288,2,WINTER15,214.08,107.04,11,1,15.0,0,0,0,0,0,1,0,0,1,0,0,0,1,0,0,1,0,0
ORD200572,2023-11-11,C27438,1,70.32,341 Main St,TRK69125497,4,WINTER15,70.32,17.58,11,1,15.0,0,0,0,0,1,0,0,0,0,0,0,0,1,0,1,0,0,0
ORD200573,2023-01-25,C13205,5,421.42,522 Main St,TRK30686578,7,MISSING,2107.1,60.20285714285715,1,0,0.0,0,0,0,0,0,0,0,1,0,0,0,0,0,0,0,0,1,0
ORD200574,2024-01-24,C29685,5,384.69,275 Main St,TRK97733212,6,FREESHIP,1923.45,64.115,1,1,0.0,0,0,0,0,0,0,1,0,0,0,0,1,0,0,0,0,0,0
ORD200575,2023-06-07,C74005,5,448.15,528 Main St,TRK61640534,7,SAVE10,2240.75,64.02142857142857,6,1,10.0,0,0,0,0,0,0,0,0,1,0,0,0,1,0,0,1,0,0
ORD200576,2024-05-29,C14457,5,79.08,747 Main St,TRK42517811,8,MISSING,395.4,9.885,5,0,0.0,0,1,0,0,0,0,0,0,0,0,0,1,0,0,1,0,0,0
ORD200577,2023-01-22,C77046,4,185.41,967 Main St,TRK44401497,9,WINTER15,741.64,20.60111111111111,1,1,15.0,0,0,0,0,0,1,0,0,0,1,0,0,1,0,0,1,0,0
ORD200578,2024-10-10,C50415,5,566.07,587 Main St,TRK41345634,6,SAVE10,2830.35,94.34500000000001,10,1,10.0,0,0,1,0,0,0,1,0,0,0,1,0,0,0,0,0,1,0
ORD200579,2023-06-04,C73999,2,187.88,413 Main St,TRK67919507,4,WINTER15,375.76,46.97,6,1,15.0,0,0,0,0,0,1,0,0,0,1,0,0,0,1,1,0,0,0
ORD200580,2023-11-14,C71076,2,255.99,340 Main St,TRK65148292,4,SAVE10,511.98,63.9975,11,1,10.0,0,0,1,0,0,0,1,0,0,0,1,0,0,0,0,0,1,0
ORD200581,2024-11-11,C44674,1,627.34,942 Main St,TRK87158684,1,MISSING,627.34,627.34,11,0,0.0,0,1,0,0,0,0,0,0,0,1,1,0,0,0,0,0,0,1
ORD200582,2024-02-19,C15228,3,474.14,558 Main St,TRK33860620,8,WINTER15,1422.42,59.2675,2,1,15.0,0,0,0,0,0,1,0,0,1,0,0,0,0,1,0,1,0,0
ORD200583,2025-06-15,C27072,3,154.37,996 Main St,TRK29750379,4,MISSING,463.11,38.5925,6,0,0.0,0,0,0,0,0,0,0,0,1,0,1,0,0,0,0,0,1,0
ORD200584,2025-03-21,C15257,4,145.05,626 Main St,TRK28779938,6,SAVE10,580.2,24.175,3,1,10.0,0,0,0,0,0,0,0,0,0,1,1,0,0,0,0,1,0,0
ORD200585,2023-08-20,C91486,4,67.08,907 Main St,TRK79617136,8,WINTER15,268.32,8.385,8,1,15.0,0,0,0,0,0,1,0,0,0,0,0,0,1,0,0,1,0,0
ORD200586,2024-11-10,C17389,1,522.08,905 Main St,TRK98857880,5,FREESHIP,522.08,104.41600000000001,11,1,0.0,0,0,1,0,0,0,0,0,1,0,0,0,1,0,0,0,0,1
ORD200587,2023-06-12,C18820,5,514.6,347 Main St,TRK91547425,10,FREESHIP,2573.0,51.46,6,1,0.0,0,0,1,0,0,0,0,0,1,0,1,0,0,0,0,0,1,0
ORD200588,2024-12-10,C61849,4,577.82,811 Main St,TRK47613918,9,MISSING,2311.28,64.20222222222223,12,0,0.0,0,0,1,0,0,0,1,0,0,0,1,0,0,0,0,1,0,0
ORD200589,2025-02-10,C84041,2,500.8,900 Main St,TRK84920444,3,FREESHIP,1001.6,166.93333333333334,2,1,0.0,0,1,0,0,0,0,0,0,0,0,1,0,0,0,0,0,0,1
ORD200590,2023-09-10,C55757,2,461.13,175 Main St,TRK27356242,4,MISSING,922.26,115.2825,9,0,0.0,0,0,0,0,1,0,0,0,1,0,0,0,1,0,0,0,0,0
ORD200591,2024-11-18,C18187,1,605.28,470 Main St,TRK50528185,3,FREESHIP,605.28,201.76,11,1,0.0,0,1,0,0,0,0,0,0,1,0,0,0,0,1,0,0,0,1
ORD200592,2024-04-23,C42306,3,204.27,938 Main St,TRK15499648,4,MISSING,612.81,51.0675,4,0,0.0,0,0,0,1,0,0,0,0,0,1,0,0,1,0,0,1,0,0
ORD200593,2023-08-02,C51024,1,489.8,636 Main St,TRK31375086,4,FREESHIP,489.8,122.45,8,1,0.0,0,0,1,0,0,0,0,0,1,0,0,0,0,1,1,0,0,0
ORD200594,2024-02-21,C40140,5,72.64,598 Main St,TRK12671989,7,MISSING,363.2,10.377142857142857,2,0,0.0,0,0,0,1,0,0,1,0,0,0,0,0,0,0,0,0,0,0
ORD200595,2025-01-10,C72596,2,385.16,491 Main St,TRK83870446,7,SAVE10,770.32,55.02285714285715,1,1,10.0,0,0,0,0,1,0,0,0,0,1,0,1,0,0,0,0,0,0
ORD200596,2023-06-12,C91805,3,606.41,653 Main St,TRK34504030,7,FREESHIP,1819.23,86.63,6,1,0.0,1,0,0,0,0,0,0,1,0,0,0,0,1,0,1,0,0,0
ORD200597,2024-11-25,C40538,2,211.82,700 Main St,TRK29821356,4,WINTER15,423.64,52.955,11,1,15.0,1,0,0,0,0,0,0,0,1,0,0,0,0,0,0,0,0,0
ORD200598,2024-04-26,C60329,5,495.35,826 Main St,TRK59069987,5,MISSING,2476.75,99.07000000000001,4,0,0.0,1,0,0,0,0,0,1,0,0,0,0,1,0,0,1,0,0,0
ORD200599,2023-06-30,C28740,3,556.99,123 Main St,TRK33642221,4,FREESHIP,1670.97,139.2475,6,1,0.0,0,0,0,0,0,0,0,0,0,1,0,0,0,0,1,0,0,0
ORD200600,2023-05-26,C87051,1,72.31,460 Main St,TRK82056333,1,FREESHIP,72.31,72.31,5,1,0.0,0,0,0,0,1,0,0,0,1,0,0,0,0,0,1,0,0,0
ORD200601,2023-10-02,C12479,5,24.82,529 Main St,TRK73935314,10,MISSING,124.1,2.482,10,0,0.0,0,0,1,0,0,0,1,0,0,0,0,0,0,1,0,0,0,1
ORD200602,2024-03-05,C35852,4,26.04,982 Main St,TRK64660134,5,SAVE10,104.16,5.208,3,1,10.0,0,0,0,0,0,1,0,0,0,1,0,1,0,0,0,0,1,0
ORD200603,2024-10-04,C26223,1,657.07,800 Main St,TRK50900547,4,SAVE10,657.07,164.2675,10,1,10.0,0,0,0,0,0,1,0,0,0,0,0,1,0,0,0,1,0,0
ORD200604,2025-06-22,C99214,3,32.62,252 Main St,TRK81368481,6,MISSING,97.86,5.4366666666666665,6,0,0.0,0,0,0,0,0,0,0,1,0,0,1,0,0,0,1,0,0,0
ORD200605,2024-05-10,C49605,2,228.91,892 Main St,TRK95620066,4,SAVE10,457.82,57.2275,5,1,10.0,0,0,1,0,0,0,0,1,0,0,0,0,0,1,0,0,0,1
ORD200606,2024-11-06,C85018,3,274.75,783 Main St,TRK54128886,3,SAVE10,824.25,91.58333333333333,11,1,10.0,0,1,0,0,0,0,0,0,0,0,0,0,0,0,0,1,0,0
ORD200607,2025-05-31,C96434,4,634.05,282 Main St,TRK56730647,6,SAVE10,2536.2,105.675,5,1,10.0,0,0,0,0,1,0,0,0,0,0,0,0,0,1,0,1,0,0
ORD200608,2024-07-24,C32956,5,543.16,788 Main St,TRK73140103,6,SAVE10,2715.8,90.52666666666666,7,1,10.0,0,1,0,0,0,0,0,0,0,1,0,0,0,0,0,0,1,0
ORD200609,2025-01-27,C41137,3,449.13,809 Main St,TRK52732162,5,WINTER15,1347.39,89.826,1,1,15.0,0,0,0,0,0,0,0,0,0,0,0,0,1,0,0,0,0,1
ORD200610,2024-06-16,C60361,5,389.62,623 Main St,TRK83566924,7,FREESHIP,1948.1,55.660000000000004,6,1,0.0,1,0,0,0,0,0,0,0,0,0,0,0,1,0,1,0,0,0
ORD200611,2023-04-21,C36688,1,305.17,700 Main St,TRK35720426,3,WINTER15,305.17,101.72333333333334,4,1,15.0,1,0,0,0,0,0,0,0,1,0,0,0,1,0,0,0,0,1
ORD200612,2023-06-02,C51811,3,445.12,339 Main St,TRK82377939,8,MISSING,1335.36,55.64,6,0,0.0,0,0,0,0,0,0,0,0,1,0,0,0,0,0,0,1,0,0
ORD200613,2024-12-19,C62405,2,230.36,154 Main St,TRK14721763,4,WINTER15,460.72,57.59,12,1,15.0,0,1,0,0,0,0,0,0,0,1,0,0,1,0,0,0,0,0
ORD200614,2024-03-08,C77363,1,96.81,807 Main St,TRK12439827,3,MISSING,96.81,32.27,3,0,0.0,0,0,0,1,0,0,0,0,1,0,0,0,0,0,0,0,0,1
ORD200615,2025-03-07,C97218,5,460.14,252 Main St,TRK52632065,10,WINTER15,2300.7,46.013999999999996,3,1,15.0,0,0,1,0,0,0,1,0,0,0,0,0,1,0,1,0,0,0
ORD200616,2024-10-17,C43919,3,601.6,984 Main St,TRK73113192,7,SAVE10,1804.8,85.94285714285715,10,1,10.0,0,0,0,0,0,1,1,0,0,0,0,0,0,0,1,0,0,0
ORD200617,2024-02-08,C57093,3,184.47,834 Main St,TRK75469057,4,MISSING,553.41,46.1175,2,0,0.0,0,0,0,0,0,1,0,0,0,1,0,0,0,0,0,0,0,1
ORD200618,2024-09-03,C50565,1,411.34,399 Main St,TRK97981418,5,MISSING,411.34,82.268,9,0,0.0,0,0,0,0,0,1,0,1,0,0,0,0,1,0,0,0,1,0
ORD200619,2024-07-16,C38845,1,532.89,764 Main St,TRK47637374,2,MISSING,532.89,266.445,7,0,0.0,0,1,0,0,0,0,0,0,1,0,0,1,0,0,0,0,0,1
ORD200620,2024-03-27,C84834,3,136.34,866 Main St,TRK90136001,8,SAVE10,409.02,17.0425,3,1,10.0,0,0,0,0,0,1,0,1,0,0,0,0,1,0,0,0,0,1
ORD200621,2023-10-22,C37455,5,476.01,146 Main St,TRK82685594,7,WINTER15,2380.05,68.00142857142858,10,1,15.0,0,0,0,1,0,0,1,0,0,0,1,0,0,0,0,1,0,0
ORD200622,2024-11-02,C27078,5,236.38,128 Main St,TRK89314307,7,MISSING,1181.9,33.76857142857143,11,0,0.0,1,0,0,0,0,0,1,0,0,0,0,0,1,0,1,0,0,0
ORD200623,2023-06-16,C91941,3,396.0,269 Main St,TRK21330732,4,FREESHIP,1188.0,99.0,6,1,0.0,0,0,0,0,1,0,0,0,1,0,0,0,0,0,0,0,1,0
ORD200624,2024-01-16,C25967,5,341.96,747 Main St,TRK88559278,6,MISSING,1709.8,56.99333333333333,1,0,0.0,0,0,0,0,0,1,0,1,0,0,1,0,0,0,0,0,0,0
ORD200625,2023-09-24,C22123,1,672.89,519 Main St,TRK43250279,1,WINTER15,672.89,672.89,9,1,15.0,0,0,0,0,0,1,1,0,0,0,0,1,0,0,0,0,0,0
ORD200626,2024-03-01,C45671,2,657.48,769 Main St,TRK18179773,5,SAVE10,1314.96,131.496,3,1,10.0,0,0,0,0,0,1,0,0,0,1,0,0,0,1,0,0,0,1
ORD200627,2023-08-06,C53334,3,498.68,879 Main St,TRK31724421,4,FREESHIP,1496.04,124.67,8,1,0.0,0,0,0,0,0,0,0,0,0,1,0,0,1,0,0,0,0,0
ORD200628,2023-03-26,C18717,5,558.63,861 Main St,TRK58568806,8,FREESHIP,2793.15,69.82875,3,1,0.0,0,0,0,0,1,0,0,0,0,0,0,1,0,0,0,0,0,1
ORD200629,2023-07-07,C50137,3,19.73,840 Main St,TRK91836131,3,MISSING,59.19,6.576666666666667,7,0,0.0,0,0,0,1,0,0,0,0,0,1,0,1,0,0,0,0,0,1
ORD200630,2023-06-23,C51481,5,248.84,140 Main St,TRK33437701,10,MISSING,1244.2,24.884,6,0,0.0,0,0,1,0,0,0,0,1,0,0,0,0,0,0,0,0,1,0
ORD200631,2024-08-31,C99128,3,46.11,360 Main St,TRK32426808,5,WINTER15,138.33,9.222,8,1,15.0,0,0,0,0,0,0,0,0,1,0,0,0,1,0,0,0,0,1
ORD200632,2023-05-02,C67260,5,678.16,463 Main St,TRK38229104,7,WINTER15,3330.4075,96.88,5,1,15.0,0,1,0,0,0,0,0,0,1,0,1,0,0,0,1,0,0,0
ORD200633,2024-04-10,C79533,5,601.72,921 Main St,TRK54711422,5,WINTER15,3008.6,120.34400000000001,4,1,15.0,0,1,0,0,0,0,0,0,1,0,0,0,0,0,0,0,1,0
ORD200634,2024-04-25,C66906,2,259.32,117 Main St,TRK31633755,2,WINTER15,518.64,129.66,4,1,15.0,0,0,0,0,1,0,0,0,1,0,1,0,0,0,0,0,0,1
ORD200635,2023-12-13,C12818,3,63.68,434 Main St,TRK40879983,6,MISSING,191.04,10.613333333333333,12,0,0.0,0,0,0,0,0,0,0,0,0,0,0,0,1,0,1,0,0,0
ORD200636,2023-10-05,C60384,4,371.07,336 Main St,TRK92080037,7,WINTER15,1484.28,53.01,10,1,15.0,0,1,0,0,0,0,0,0,0,0,0,0,0,0,1,0,0,0
ORD200637,2024-09-29,C92294,4,306.35,784 Main St,TRK23585765,7,WINTER15,1225.4,43.76428571428572,9,1,15.0,0,0,0,0,0,0,0,0,1,0,0,0,0,1,0,0,0,1
ORD200638,2023-10-15,C66840,4,578.27,547 Main St,TRK76929637,9,WINTER15,2313.08,64.25222222222222,10,1,15.0,0,0,0,0,0,1,0,0,0,1,1,0,0,0,0,0,0,0
ORD200639,2023-01-20,C22534,1,529.19,391 Main St,TRK17415798,5,MISSING,529.19,105.83800000000001,1,0,0.0,0,0,0,0,0,0,0,0,0,0,0,0,0,0,0,0,0,1
ORD200640,2024-02-27,C46509,2,587.49,647 Main St,TRK24241664,6,SAVE10,1174.98,97.915,2,1,10.0,0,0,0,0,0,0,0,0,1,0,0,0,1,0,0,0,0,1
ORD200641,2024-06-30,C71680,4,567.57,814 Main St,TRK47386650,9,WINTER15,2270.28,63.06333333333334,6,1,15.0,0,0,0,0,1,0,0,1,0,0,0,1,0,0,0,1,0,0
ORD200642,2024-04-29,C15063,5,85.22,527 Main St,TRK10329390,7,FREESHIP,426.1,12.174285714285714,4,1,0.0,0,0,0,0,0,0,1,0,0,0,0,0,0,0,0,0,0,0
ORD200643,2024-08-26,C77122,1,438.37,647 Main St,TRK75814880,4,SAVE10,438.37,109.5925,8,1,10.0,0,1,0,0,0,0,0,0,0,0,0,0,0,0,0,0,0,1
ORD200644,2023-11-15,C86524,2,366.23,961 Main St,TRK62490506,2,WINTER15,732.46,183.115,11,1,15.0,0,0,0,0,0,0,0,0,0,0,0,0,0,1,0,0,0,0
ORD200645,2023-01-02,C82990,2,150.05,727 Main St,TRK68574801,4,SAVE10,300.1,37.5125,1,1,10.0,0,1,0,0,0,0,1,0,0,0,0,0,0,0,1,0,0,0
ORD200646,2023-10-27,C98761,4,498.51,804 Main St,TRK43262630,4,SAVE10,1994.04,124.6275,10,1,10.0,0,0,0,0,0,0,0,1,0,0,0,0,0,1,0,1,0,0
ORD200647,2025-04-24,C54409,3,339.39,667 Main St,TRK67671316,7,FREESHIP,1018.17,48.48428571428571,4,1,0.0,1,0,0,0,0,0,0,0,0,0,0,0,1,0,0,1,0,0
ORD200648,2025-01-18,C89674,2,575.83,182 Main St,TRK45902512,3,WINTER15,1151.66,191.94333333333336,1,1,15.0,0,0,1,0,0,0,0,0,0,1,1,0,0,0,0,0,0,1
ORD200649,2023-12-23,C45899,2,642.98,153 Main St,TRK32932093,7,FREESHIP,1285.96,91.85428571428572,12,1,0.0,0,0,1,0,0,0,0,1,0,0,0,0,1,0,0,0,0,0
ORD200650,2023-05-18,C74499,2,372.23,518 Main St,TRK93767278,7,SAVE10,744.46,53.175714285714285,5,1,10.0,1,0,0,0,0,0,0,0,1,0,1,0,0,0,0,0,0,0
ORD200651,2024-11-12,C81192,3,646.34,429 Main St,TRK76931118,5,MISSING,1939.02,129.268,11,0,0.0,0,0,0,0,0,0,0,1,0,0,0,1,0,0,0,1,0,0
ORD200652,2024-06-05,C71473,5,341.84,328 Main St,TRK94857335,8,FREESHIP,1709.2,42.73,6,1,0.0,0,0,0,0,0,0,0,0,0,1,0,0,0,1,0,0,1,0
ORD200653,2024-02-25,C59338,3,690.3,747 Main St,TRK12902764,6,WINTER15,2070.9,115.05,2,1,15.0,0,0,0,0,1,0,1,0,0,0,0,0,0,1,0,1,0,0
ORD200654,2023-06-12,C62661,3,382.37,863 Main St,TRK25748100,8,MISSING,1147.11,47.79625,6,0,0.0,0,0,0,0,0,1,0,1,0,0,0,0,1,0,0,0,1,0
ORD200655,2023-03-14,C22101,2,132.6,262 Main St,TRK70711522,4,WINTER15,265.2,33.15,3,1,15.0,0,0,0,0,0,0,0,1,0,0,0,0,0,0,0,0,0,0
ORD200656,2024-01-18,C51404,2,189.06,835 Main St,TRK85682500,7,SAVE10,378.12,27.00857142857143,1,1,10.0,0,0,1,0,0,0,0,0,1,0,0,0,0,1,1,0,0,0
ORD200657,2023-12-24,C19384,4,87.79,532 Main St,TRK33207064,6,FREESHIP,351.16,14.631666666666668,12,1,0.0,0,0,0,0,0,1,0,0,0,0,0,0,0,0,0,0,1,0
ORD200658,2025-04-18,C86864,2,46.36,670 Main St,TRK15323191,4,SAVE10,92.72,11.59,4,1,10.0,0,0,0,0,1,0,0,0,1,0,0,0,1,0,0,1,0,0
ORD200659,2024-10-26,C24301,2,642.04,964 Main St,TRK55000075,4,WINTER15,1284.08,160.51,10,1,15.0,0,0,0,1,0,0,0,0,1,0,1,0,0,0,0,0,0,0
ORD200660,2024-10-19,C43842,2,651.57,933 Main St,TRK54084424,7,WINTER15,1303.14,93.08142857142857,10,1,15.0,0,0,0,0,0,0,0,1,0,0,0,0,0,1,1,0,0,0
ORD200661,2025-02-28,C63657,3,424.89,116 Main St,TRK86378984,6,FREESHIP,1274.67,70.815,2,1,0.0,0,0,0,0,0,1,0,1,0,0,0,0,0,0,0,1,0,0
ORD200662,2023-01-28,C98332,3,438.89,985 Main St,TRK85744797,3,MISSING,1316.67,146.29666666666665,1,0,0.0,0,1,0,0,0,0,0,0,0,0,0,0,1,0,1,0,0,0
ORD200663,2024-04-15,C59774,1,72.6,941 Main St,TRK87635135,6,FREESHIP,72.6,12.1,4,1,0.0,0,0,1,0,0,0,0,1,0,0,0,0,0,0,0,0,1,0
ORD200664,2024-12-19,C14847,4,194.75,188 Main St,TRK46492755,5,MISSING,779.0,38.95,12,0,0.0,0,1,0,0,0,0,0,0,0,0,0,0,0,1,1,0,0,0
ORD200665,2023-05-02,C83653,4,231.26,253 Main St,TRK32619935,6,WINTER15,925.04,38.54333333333333,5,1,15.0,0,0,0,0,0,1,0,0,0,1,0,0,0,1,0,1,0,0
ORD200666,2024-08-31,C35711,4,327.12,788 Main St,TRK45281495,4,MISSING,1308.48,81.78,8,0,0.0,0,0,1,0,0,0,1,0,0,0,0,0,0,0,0,0,0,0
ORD200667,2023-05-03,C10477,1,466.42,172 Main St,TRK41505339,5,SAVE10,466.42,93.284,5,1,10.0,0,1,0,0,0,0,0,0,1,0,0,1,0,0,0,0,0,0
ORD200668,2024-07-05,C61257,2,253.67,981 Main St,TRK25226070,3,WINTER15,507.34,84.55666666666666,7,1,15.0,0,0,1,0,0,0,0,0,0,0,0,0,1,0,1,0,0,0
ORD200669,2023-02-05,C60547,1,257.0,812 Main St,TRK65694249,5,MISSING,257.0,51.4,2,0,0.0,1,0,0,0,0,0,0,1,0,0,0,0,0,0,0,0,0,1
ORD200670,2024-04-18,C14576,4,539.2,747 Main St,TRK21637540,8,FREESHIP,2156.8,67.4,4,1,0.0,1,0,0,0,0,0,1,0,0,0,0,1,0,0,0,1,0,0
ORD200671,2023-06-15,C49282,5,50.74,737 Main St,TRK88653901,7,WINTER15,253.7,7.248571428571429,6,1,15.0,0,0,0,0,0,0,0,0,1,0,0,0,0,0,0,1,0,0
ORD200672,2023-05-09,C14017,2,624.16,984 Main St,TRK71009446,2,SAVE10,1248.32,312.08,5,1,10.0,0,0,0,1,0,0,0,1,0,0,0,0,0,1,0,0,1,0
ORD200673,2023-02-21,C46504,2,372.92,131 Main St,TRK95024356,7,SAVE10,745.84,53.27428571428572,2,1,10.0,0,0,0,0,0,1,1,0,0,0,1,0,0,0,0,0,0,0
ORD200674,2024-01-09,C56928,4,358.75,860 Main St,TRK57792939,9,SAVE10,1435.0,39.861111111111114,1,1,10.0,0,1,0,0,0,0,0,0,1,0,1,0,0,0,1,0,0,0
ORD200675,2024-08-06,C97749,3,342.02,906 Main St,TRK90233116,5,MISSING,1026.06,68.404,8,0,0.0,1,0,0,0,0,0,0,1,0,0,0,1,0,0,0,0,0,0
ORD200676,2025-06-23,C90431,2,422.34,985 Main St,TRK44151723,4,FREESHIP,844.68,105.585,6,1,0.0,0,1,0,0,0,0,1,0,0,0,0,0,0,0,0,0,1,0
ORD200677,2025-04-03,C56722,5,22.07,179 Main St,TRK78778569,7,FREESHIP,110.35,3.152857142857143,4,1,0.0,0,0,0,0,0,1,0,0,0,1,0,0,0,0,0,0,1,0
ORD200678,2024-11-24,C40863,3,163.13,457 Main St,TRK20553345,5,WINTER15,489.39,32.626,11,1,15.0,0,0,0,0,0,0,0,0,1,0,0,0,0,1,1,0,0,0
ORD200679,2023-02-02,C40798,3,360.66,304 Main St,TRK66106697,5,FREESHIP,1081.98,72.132,2,1,0.0,0,0,0,0,0,1,0,0,0,1,0,0,1,0,0,0,1,0
ORD200680,2023-08-27,C16702,3,463.39,694 Main St,TRK16953491,3,MISSING,1390.17,154.46333333333334,8,0,0.0,0,0,1,0,0,0,1,0,0,0,0,0,1,0,1,0,0,0
ORD200681,2024-01-30,C38262,1,155.27,548 Main St,TRK47300502,6,MISSING,155.27,25.878333333333334,1,0,0.0,0,0,0,0,0,1,0,1,0,0,0,0,0,1,0,0,0,0
ORD200682,2023-07-23,C50274,3,509.42,449 Main St,TRK91729086,5,FREESHIP,1528.26,101.884,7,1,0.0,0,0,1,0,0,0,1,0,0,0,0,0,0,0,0,1,0,0
ORD200683,2025-05-18,C91591,4,652.48,887 Main St,TRK23554043,5,FREESHIP,2609.92,130.496,5,1,0.0,1,0,0,0,0,0,0,0,0,0,0,1,0,0,0,0,1,0
ORD200684,2024-09-22,C96583,4,34.84,288 Main St,TRK64353241,8,MISSING,139.36,4.355,9,0,0.0,0,0,0,0,1,0,1,0,0,0,0,0,0,1,0,0,0,0
ORD200685,2025-02-07,C64579,1,234.37,638 Main St,TRK10276565,5,FREESHIP,234.37,46.874,2,1,0.0,1,0,0,0,0,0,0,1,0,0,0,0,0,1,0,0,0,0
ORD200686,2023-10-09,C41903,3,53.6,525 Main St,TRK59112382,4,WINTER15,160.8,13.4,10,1,15.0,1,0,0,0,0,0,0,0,0,0,0,1,0,0,1,0,0,0
ORD200687,2023-09-13,C19742,1,332.09,408 Main St,TRK68845230,5,FREESHIP,332.09,66.41799999999999,9,1,0.0,0,0,0,0,0,1,0,0,1,0,0,0,1,0,0,0,1,0
ORD200688,2024-03-06,C20077,4,593.22,154 Main St,TRK36415742,8,WINTER15,2372.88,74.1525,3,1,15.0,0,0,1,0,0,0,1,0,0,0,0,0,0,0,1,0,0,0
ORD200689,2023-08-29,C13186,2,444.84,787 Main St,TRK56967415,7,MISSING,889.68,63.54857142857143,8,0,0.0,0,0,0,0,0,1,0,0,0,1,0,0,0,1,1,0,0,0
ORD200690,2024-07-12,C29318,1,24.48,128 Main St,TRK88666721,1,MISSING,24.48,24.48,7,0,0.0,0,0,1,0,0,0,0,0,1,0,0,0,1,0,0,0,1,0
ORD200691,2024-11-24,C36137,3,239.08,396 Main St,TRK57376416,8,MISSING,717.24,29.885,11,0,0.0,0,1,0,0,0,0,0,0,0,0,0,0,0,1,0,1,0,0
ORD200692,2023-01-23,C25534,5,196.84,319 Main St,TRK68347402,5,WINTER15,984.2,39.368,1,1,15.0,1,0,0,0,0,0,1,0,0,0,1,0,0,0,0,0,1,0
ORD200693,2025-03-12,C62070,1,176.58,674 Main St,TRK10267127,4,MISSING,176.58,44.145,3,0,0.0,0,0,1,0,0,0,0,1,0,0,0,0,1,0,0,0,0,1
ORD200694,2023-10-02,C92049,4,666.52,619 Main St,TRK32287092,8,FREESHIP,2666.08,83.315,10,1,0.0,0,0,0,0,1,0,0,0,0,0,0,0,0,1,0,0,0,0
ORD200695,2024-11-23,C52604,5,101.3,553 Main St,TRK48839788,7,FREESHIP,506.5,14.471428571428572,11,1,0.0,0,0,0,0,1,0,0,0,0,1,0,0,0,1,0,0,0,0
ORD200696,2023-07-02,C22429,4,151.2,965 Main St,TRK38572927,9,WINTER15,604.8,16.799999999999997,7,1,15.0,0,0,0,0,0,0,0,0,1,0,0,1,0,0,1,0,0,0
ORD200697,2025-02-04,C27430,5,94.85,788 Main St,TRK45025840,6,WINTER15,474.25,15.808333333333332,2,1,15.0,0,0,0,0,1,0,0,0,0,0,0,0,0,1,0,0,0,0
ORD200698,2023-01-04,C44366,2,388.22,169 Main St,TRK48658394,2,WINTER15,776.44,194.11,1,1,15.0,0,1,0,0,0,0,0,0,0,0,1,0,0,0,0,0,1,0
ORD200699,2023-11-13,C36813,3,614.15,897 Main St,TRK84088900,3,MISSING,1842.45,204.71666666666667,11,0,0.0,0,1,0,0,0,0,0,0,1,0,0,0,0,0,1,0,0,0
ORD200700,2024-09-25,C40201,2,92.91,555 Main St,TRK30198779,3,WINTER15,185.82,30.97,9,1,15.0,0,1,0,0,0,0,0,0,0,0,0,0,1,0,0,0,1,0
ORD200701,2024-06-23,C75456,3,92.22,115 Main St,TRK90519490,5,FREESHIP,276.66,18.444,6,1,0.0,0,0,1,0,0,0,1,0,0,0,1,0,0,0,0,0,0,0
ORD200702,2024-06-09,C33315,3,562.55,154 Main St,TRK43589369,6,MISSING,1687.65,93.75833333333333,6,0,0.0,0,0,0,0,1,0,0,1,0,0,0,0,1,0,0,0,0,0
ORD200703,2023-03-22,C89336,1,92.79,799 Main St,TRK47665103,3,WINTER15,92.79,30.930000000000003,3,1,15.0,1,0,0,0,0,0,0,0,0,0,0,1,0,0,0,0,0,0
ORD200704,2023-06-03,C96034,4,30.27,819 Main St,TRK87261034,9,FREESHIP,121.08,3.3633333333333333,6,1,0.0,1,0,0,0,0,0,0,0,0,1,1,0,0,0,0,1,0,0
ORD200705,2025-03-30,C50114,2,49.08,420 Main St,TRK20214786,7,FREESHIP,98.16,7.011428571428572,3,1,0.0,0,0,1,0,0,0,0,1,0,0,0,0,1,0,0,0,1,0
ORD200706,2025-03-02,C85330,5,228.09,969 Main St,TRK97693301,9,FREESHIP,1140.45,25.343333333333334,3,1,0.0,1,0,0,0,0,0,0,0,1,0,0,0,1,0,1,0,0,0
ORD200707,2024-11-01,C31761,4,650.04,989 Main St,TRK17628852,6,SAVE10,2600.16,108.33999999999999,11,1,10.0,0,0,0,0,0,0,0,0,1,0,0,0,0,0,1,0,0,0
ORD200708,2025-03-04,C25268,1,665.11,788 Main St,TRK20481215,3,FREESHIP,665.11,221.70333333333335,3,1,0.0,0,0,0,0,1,0,0,0,0,0,0,1,0,0,0,0,1,0
ORD200709,2024-12-07,C17132,1,386.03,855 Main St,TRK37504692,4,FREESHIP,386.03,96.5075,12,1,0.0,1,0,0,0,0,0,0,0,0,1,0,1,0,0,0,1,0,0
ORD200710,2024-07-22,C48790,5,21.54,113 Main St,TRK19086608,10,MISSING,107.7,2.154,7,0,0.0,0,1,0,0,0,0,0,0,1,0,0,0,1,0,0,1,0,0
ORD200711,2024-07-04,C61070,2,475.78,632 Main St,TRK90764894,2,WINTER15,951.56,237.89,7,1,15.0,0,0,0,0,0,1,0,0,0,1,0,0,0,1,0,1,0,0
ORD200712,2024-01-09,C56969,2,68.4,993 Main St,TRK10513339,7,FREESHIP,136.8,9.771428571428572,1,1,0.0,0,0,0,0,0,1,0,0,1,0,0,1,0,0,0,0,0,0
ORD200713,2025-06-21,C65056,4,532.49,638 Main St,TRK31705278,6,SAVE10,2129.96,88.74833333333333,6,1,10.0,0,0,0,0,0,1,0,0,0,1,0,0,0,0,1,0,0,0
ORD200714,2023-04-21,C84888,1,51.73,278 Main St,TRK23612847,1,FREESHIP,51.73,51.73,4,1,0.0,0,1,0,0,0,0,0,1,0,0,0,1,0,0,1,0,0,0
ORD200715,2024-07-26,C68266,3,653.63,281 Main St,TRK96161062,7,FREESHIP,1960.89,93.37571428571428,7,1,0.0,0,0,0,0,1,0,0,0,0,1,1,0,0,0,0,0,0,0
ORD200716,2024-06-13,C84115,3,454.29,891 Main St,TRK25466842,4,WINTER15,1362.87,113.5725,6,1,15.0,0,0,0,0,0,0,1,0,0,0,0,1,0,0,0,1,0,0
ORD200717,2023-10-16,C50087,3,122.11,707 Main St,TRK31143760,4,WINTER15,366.33,30.5275,10,1,15.0,0,0,0,0,0,0,0,0,0,1,1,0,0,0,0,0,0,0
ORD200718,2023-04-08,C16790,4,64.74,718 Main St,TRK91791367,8,SAVE10,258.96,8.0925,4,1,10.0,0,1,0,0,0,0,0,0,1,0,0,0,0,0,0,1,0,0
ORD200719,2024-01-21,C46920,2,681.06,703 Main St,TRK86403837,3,FREESHIP,1362.12,227.01999999999998,1,1,0.0,0,1,0,0,0,0,0,1,0,0,0,0,0,1,1,0,0,0
ORD200720,2023-09-21,C12740,5,128.95,305 Main St,TRK98506513,10,FREESHIP,644.75,12.895,9,1,0.0,1,0,0,0,0,0,0,0,0,0,0,1,0,0,0,0,1,0
ORD200721,2024-03-18,C46557,2,118.59,890 Main St,TRK56110689,2,MISSING,237.18,59.295,3,0,0.0,1,0,0,0,0,0,1,0,0,0,1,0,0,0,0,0,0,0
ORD200722,2024-11-15,C58156,1,95.1,516 Main St,TRK49719458,1,WINTER15,95.1,95.1,11,1,15.0,0,0,0,0,1,0,0,0,1,0,0,1,0,0,0,0,1,0
ORD200723,2023-12-09,C14455,3,54.95,385 Main St,TRK50933724,8,SAVE10,164.85,6.86875,12,1,10.0,1,0,0,0,0,0,0,0,0,0,0,0,1,0,0,0,0,1
ORD200724,2024-10-18,C63150,3,136.97,326 Main St,TRK19348078,4,FREESHIP,410.91,34.2425,10,1,0.0,0,0,0,0,1,0,1,0,0,0,0,0,1,0,0,0,0,1
ORD200725,2023-03-12,C95269,2,194.85,372 Main St,TRK45670926,5,MISSING,389.7,38.97,3,0,0.0,0,0,0,0,0,0,0,0,1,0,0,0,1,0,0,0,0,1
ORD200726,2024-10-25,C18105,4,583.02,338 Main St,TRK94006117,4,FREESHIP,2332.08,145.755,10,1,0.0,0,1,0,0,0,0,0,0,0,1,1,0,0,0,1,0,0,0
ORD200727,2024-09-29,C29063,5,95.75,379 Main St,TRK92745947,8,SAVE10,478.75,11.96875,9,1,10.0,0,0,0,0,0,0,0,0,0,1,0,0,0,1,0,0,1,0
ORD200728,2024-07-29,C10154,4,325.76,827 Main St,TRK79793300,8,WINTER15,1303.04,40.72,7,1,15.0,1,0,0,0,0,0,0,0,1,0,0,0,0,1,0,0,0,0
ORD200729,2023-09-08,C36997,4,186.41,819 Main St,TRK92794872,6,SAVE10,745.64,31.06833333333333,9,1,10.0,0,0,0,1,0,0,0,0,1,0,0,1,0,0,0,1,0,0
ORD200730,2025-02-22,C77357,1,474.6,407 Main St,TRK91943923,4,SAVE10,474.6,118.65,2,1,10.0,0,0,0,1,0,0,0,1,0,0,1,0,0,0,0,0,0,0
ORD200731,2024-06-07,C71310,5,584.46,308 Main St,TRK48292586,8,MISSING,2922.3,73.0575,6,0,0.0,0,0,0,0,1,0,1,0,0,0,0,0,1,0,0,0,0,0
ORD200732,2025-03-07,C80987,1,132.05,787 Main St,TRK42187776,2,MISSING,132.05,66.025,3,0,0.0,0,1,0,0,0,0,0,0,0,1,1,0,0,0,0,1,0,0
ORD200733,2023-12-04,C90757,4,494.84,694 Main St,TRK87991608,8,SAVE10,1979.36,61.855,12,1,10.0,0,0,0,0,0,1,0,0,0,0,0,0,1,0,0,0,0,0
ORD200734,2024-01-23,C51898,4,224.61,630 Main St,TRK19767885,6,WINTER15,898.44,37.435,1,1,15.0,0,0,0,0,1,0,1,0,0,0,0,0,1,0,1,0,0,0
ORD200735,2024-06-28,C94508,4,44.07,359 Main St,TRK13443264,6,MISSING,176.28,7.345,6,0,0.0,0,0,1,0,0,0,0,1,0,0,0,1,0,0,0,0,0,0
ORD200736,2024-02-09,C59441,5,418.53,696 Main St,TRK66186874,6,FREESHIP,2092.65,69.755,2,1,0.0,0,0,1,0,0,0,1,0,0,0,0,1,0,0,0,1,0,0
ORD200737,2024-01-03,C91029,4,532.87,972 Main St,TRK25501930,9,FREESHIP,2131.48,59.20777777777778,1,1,0.0,0,0,0,1,0,0,0,0,0,0,0,1,0,0,0,0,1,0
ORD200738,2025-06-04,C96261,2,485.37,264 Main St,TRK44998396,5,SAVE10,970.74,97.074,6,1,10.0,0,0,0,1,0,0,1,0,0,0,0,0,0,1,0,0,0,0
ORD200739,2024-06-13,C35123,4,386.73,513 Main St,TRK58979275,4,SAVE10,1546.92,96.6825,6,1,10.0,0,0,0,1,0,0,0,0,0,0,1,0,0,0,1,0,0,0
ORD200740,2024-07-20,C10892,2,377.47,433 Main St,TRK76154554,7,MISSING,754.94,53.924285714285716,7,0,0.0,1,0,0,0,0,0,0,0,0,0,0,1,0,0,0,1,0,0
ORD200741,2025-01-23,C99683,5,332.64,945 Main St,TRK87305883,10,MISSING,1663.2,33.263999999999996,1,0,0.0,0,0,1,0,0,0,0,0,1,0,1,0,0,0,0,0,0,1
ORD200742,2024-11-30,C41974,3,699.93,726 Main St,TRK48051468,7,SAVE10,2099.79,99.99,11,1,10.0,0,1,0,0,0,0,0,0,0,0,0,0,1,0,0,1,0,0
ORD200743,2024-09-30,C23978,1,576.35,549 Main St,TRK87090813,1,WINTER15,576.35,576.35,9,1,15.0,0,0,1,0,0,0,0,0,1,0,0,0,1,0,0,0,1,0
ORD200744,2024-06-12,C10642,2,461.37,200 Main St,TRK98725693,5,SAVE10,922.74,92.274,6,1,10.0,0,0,0,0,0,1,0,0,0,0,1,0,0,0,0,1,0,0
ORD200745,2023-03-02,C73813,4,111.3,364 Main St,TRK89906749,7,FREESHIP,445.2,15.9,3,1,0.0,0,0,0,0,1,0,0,1,0,0,0,1,0,0,0,0,0,0
ORD200746,2025-02-24,C32183,3,661.89,551 Main St,TRK76287027,6,WINTER15,1985.67,110.315,2,1,15.0,1,0,0,0,0,0,0,0,0,1,0,0,0,0,0,0,0,1
ORD200747,2025-03-12,C54277,2,259.58,940 Main St,TRK26500181,7,FREESHIP,519.16,37.082857142857144,3,1,0.0,0,0,0,0,0,1,0,1,0,0,1,0,0,0,0,0,1,0
ORD200748,2024-07-15,C56553,3,70.81,249 Main St,TRK37667360,8,FREESHIP,212.43,8.85125,7,1,0.0,0,0,0,0,0,1,1,0,0,0,0,0,0,1,0,0,0,1
ORD200749,2025-04-13,C17551,1,518.39,997 Main St,TRK88797170,4,FREESHIP,518.39,129.5975,4,1,0.0,0,1,0,0,0,0,0,1,0,0,0,1,0,0,0,0,1,0
ORD200750,2023-01-14,C14737,4,145.41,637 Main St,TRK10295115,7,FREESHIP,581.64,20.77285714285714,1,1,0.0,0,0,0,0,0,1,1,0,0,0,0,0,1,0,0,0,0,0
ORD200751,2023-01-24,C35168,2,599.86,455 Main St,TRK76960854,7,FREESHIP,1199.72,85.69428571428571,1,1,0.0,0,0,0,0,0,1,0,0,1,0,0,1,0,0,1,0,0,0
ORD200752,2024-10-03,C82217,4,429.37,299 Main St,TRK33305694,8,FREESHIP,1717.48,53.67125,10,1,0.0,0,0,0,1,0,0,1,0,0,0,1,0,0,0,0,1,0,0
ORD200753,2024-04-24,C42270,2,241.49,864 Main St,TRK72697796,7,FREESHIP,482.98,34.49857142857143,4,1,0.0,0,0,0,1,0,0,0,1,0,0,0,0,1,0,0,0,1,0
ORD200754,2025-05-31,C48846,2,452.05,983 Main St,TRK52804097,3,WINTER15,904.1,150.68333333333334,5,1,15.0,0,0,0,0,1,0,1,0,0,0,0,0,1,0,0,0,0,0
ORD200755,2023-06-13,C54160,3,336.71,658 Main St,TRK60515972,4,MISSING,1010.13,84.1775,6,0,0.0,1,0,0,0,0,0,1,0,0,0,0,1,0,0,0,0,0,0
ORD200756,2024-06-27,C14080,1,283.69,202 Main St,TRK93163682,6,MISSING,283.69,47.281666666666666,6,0,0.0,0,0,0,1,0,0,0,0,1,0,0,0,0,1,0,1,0,0
ORD200757,2024-02-22,C81074,1,157.72,597 Main St,TRK91105190,2,FREESHIP,157.72,78.86,2,1,0.0,1,0,0,0,0,0,0,1,0,0,1,0,0,0,0,1,0,0
ORD200758,2023-03-26,C69021,3,624.84,917 Main St,TRK57148510,8,WINTER15,1874.52,78.105,3,1,15.0,0,0,0,0,0,1,1,0,0,0,0,0,0,0,1,0,0,0
ORD200759,2023-07-24,C96283,3,308.01,366 Main St,TRK91784124,3,FREESHIP,924.03,102.67,7,1,0.0,1,0,0,0,0,0,0,0,0,0,0,1,0,0,1,0,0,0
ORD200760,2025-02-18,C96636,1,39.56,283 Main St,TRK73324346,5,MISSING,39.56,7.912000000000001,2,0,0.0,1,0,0,0,0,0,0,1,0,0,0,0,0,0,0,1,0,0
ORD200761,2023-06-02,C37235,4,37.76,217 Main St,TRK67789367,7,MISSING,151.04,5.394285714285714,6,0,0.0,1,0,0,0,0,0,0,1,0,0,1,0,0,0,0,1,0,0
ORD200762,2024-09-17,C12444,3,76.96,611 Main St,TRK97621403,8,FREESHIP,230.88,9.62,9,1,0.0,0,0,0,1,0,0,0,0,0,0,0,0,1,0,0,0,0,0
ORD200763,2023-04-06,C79142,1,569.96,533 Main St,TRK30915955,4,FREESHIP,569.96,142.49,4,1,0.0,0,1,0,0,0,0,0,0,0,1,1,0,0,0,0,0,0,0
ORD200764,2024-03-10,C35983,5,627.43,806 Main St,TRK14016163,10,FREESHIP,3137.15,62.742999999999995,3,1,0.0,0,1,0,0,0,0,1,0,0,0,0,0,0,0,0,0,0,0
ORD200765,2023-10-06,C36150,2,534.91,281 Main St,TRK96249043,5,SAVE10,1069.82,106.982,10,1,10.0,0,1,0,0,0,0,0,1,0,0,0,0,1,0,0,1,0,0
ORD200766,2023-01-22,C91454,2,278.88,494 Main St,TRK99985340,3,FREESHIP,557.76,92.96,1,1,0.0,0,0,0,0,1,0,0,1,0,0,0,1,0,0,0,0,0,1
ORD200767,2025-04-18,C19368,2,323.22,517 Main St,TRK80436037,7,MISSING,646.44,46.174285714285716,4,0,0.0,0,0,0,0,0,1,1,0,0,0,1,0,0,0,0,0,1,0
ORD200768,2023-09-04,C35987,5,653.46,165 Main St,TRK28918815,9,WINTER15,3267.3,72.60666666666667,9,1,15.0,0,0,0,0,0,1,0,0,0,0,0,0,0,0,0,0,0,0
ORD200769,2023-07-06,C13366,4,678.55,568 Main St,TRK98691410,5,MISSING,2714.2,135.70999999999998,7,0,0.0,0,0,0,0,1,0,0,0,0,0,1,0,0,0,0,0,0,0
ORD200770,2024-02-11,C72166,1,314.38,227 Main St,TRK67733444,6,MISSING,314.38,52.39666666666667,2,0,0.0,1,0,0,0,0,0,0,0,0,1,0,0,1,0,0,1,0,0
ORD200771,2024-06-12,C20357,3,692.44,272 Main St,TRK82236408,8,FREESHIP,2077.32,86.555,6,1,0.0,0,0,0,1,0,0,0,1,0,0,0,0,0,0,0,1,0,0
ORD200772,2024-07-28,C33802,1,604.87,461 Main St,TRK25799478,4,MISSING,604.87,151.2175,7,0,0.0,0,0,1,0,0,0,0,0,0,1,1,0,0,0,0,0,1,0
ORD200773,2025-06-28,C99205,2,512.33,415 Main St,TRK48904015,7,MISSING,1024.66,73.19000000000001,6,0,0.0,0,0,0,1,0,0,0,0,0,0,0,0,0,0,1,0,0,0
ORD200774,2025-04-15,C29701,3,20.54,257 Main St,TRK42266846,3,FREESHIP,61.62,6.846666666666667,4,1,0.0,0,0,0,0,0,0,1,0,0,0,0,0,0,0,0,0,1,0
ORD200775,2023-03-04,C73941,2,625.22,569 Main St,TRK22051900,5,MISSING,1250.44,125.04400000000001,3,0,0.0,0,0,0,1,0,0,0,0,0,1,0,0,0,0,0,1,0,0
ORD200776,2023-08-21,C69168,1,21.19,482 Main St,TRK10446197,5,WINTER15,21.19,4.238,8,1,15.0,0,0,0,0,0,1,0,0,0,0,0,0,1,0,0,1,0,0
ORD200777,2025-03-21,C66116,5,64.49,633 Main St,TRK41967983,7,MISSING,322.45,9.212857142857143,3,0,0.0,0,0,0,0,0,0,0,0,0,1,0,0,0,0,1,0,0,0
ORD200778,2023-04-28,C85059,4,246.85,316 Main St,TRK56503740,8,WINTER15,987.4,30.85625,4,1,15.0,0,1,0,0,0,0,1,0,0,0,0,0,0,1,0,1,0,0
ORD200779,2023-12-01,C18076,3,588.74,751 Main St,TRK26661705,8,FREESHIP,1766.22,73.5925,12,1,0.0,0,0,0,1,0,0,0,1,0,0,0,1,0,0,0,0,0,0
ORD200780,2024-03-31,C41284,4,184.48,661 Main St,TRK73613128,4,WINTER15,737.92,46.12,3,1,15.0,0,1,0,0,0,0,0,0,0,1,0,0,0,0,0,1,0,0
ORD200781,2024-01-10,C43524,5,524.26,934 Main St,TRK51479426,5,FREESHIP,2621.3,104.852,1,1,0.0,0,0,0,1,0,0,0,0,1,0,1,0,0,0,0,0,0,1
ORD200782,2024-08-11,C58063,2,493.63,167 Main St,TRK50548869,6,SAVE10,987.26,82.27166666666666,8,1,10.0,0,0,1,0,0,0,0,0,0,1,0,0,1,0,0,0,0,1
ORD200783,2025-05-26,C19937,1,438.34,281 Main St,TRK46990083,5,FREESHIP,438.34,87.66799999999999,5,1,0.0,0,0,0,0,1,0,0,0,1,0,0,0,1,0,1,0,0,0
ORD200784,2025-05-16,C21191,1,325.81,232 Main St,TRK85771230,1,WINTER15,325.81,325.81,5,1,15.0,0,1,0,0,0,0,1,0,0,0,0,1,0,0,0,0,0,1
ORD200785,2023-07-29,C45862,1,176.1,342 Main St,TRK53089983,1,SAVE10,176.1,176.1,7,1,10.0,0,0,0,0,0,0,1,0,0,0,0,1,0,0,0,0,1,0
ORD200786,2023-08-23,C39130,5,45.31,774 Main St,TRK99583414,8,MISSING,226.55,5.66375,8,0,0.0,0,0,0,0,0,0,0,0,0,1,0,0,0,0,0,0,0,1
ORD200787,2024-03-17,C18167,4,221.96,193 Main St,TRK36841089,7,MISSING,887.84,31.708571428571428,3,0,0.0,1,0,0,0,0,0,0,0,0,0,1,0,0,0,0,1,0,0
ORD200788,2023-11-02,C47307,2,601.43,761 Main St,TRK43516112,5,FREESHIP,1202.86,120.28599999999999,11,1,0.0,0,0,0,0,0,0,0,0,0,1,0,1,0,0,0,0,1,0
ORD200789,2023-08-17,C57276,5,691.28,183 Main St,TRK75899752,10,SAVE10,3330.4075,69.128,8,1,10.0,0,0,0,0,0,1,0,0,0,1,1,0,0,0,0,0,0,0
ORD200790,2024-09-14,C38928,4,417.89,302 Main St,TRK96636009,4,MISSING,1671.56,104.4725,9,0,0.0,0,1,0,0,0,0,0,0,1,0,0,1,0,0,0,1,0,0
ORD200791,2024-01-13,C49710,4,409.28,956 Main St,TRK92591237,8,MISSING,1637.12,51.16,1,0,0.0,0,0,0,0,0,0,0,0,0,0,0,1,0,0,0,0,0,0
ORD200792,2023-06-16,C41709,2,356.35,746 Main St,TRK90995294,6,WINTER15,712.7,59.39166666666667,6,1,15.0,1,0,0,0,0,0,0,1,0,0,0,0,1,0,1,0,0,0
ORD200793,2024-04-15,C91255,5,170.22,769 Main St,TRK69599961,8,MISSING,851.1,21.2775,4,0,0.0,0,0,0,0,0,0,0,1,0,0,1,0,0,0,0,0,0,1
ORD200794,2023-03-09,C76653,4,384.85,988 Main St,TRK77052196,9,FREESHIP,1539.4,42.76111111111111,3,1,0.0,0,0,0,0,1,0,0,0,0,1,1,0,0,0,0,0,1,0
ORD200795,2024-11-20,C95667,4,115.77,586 Main St,TRK41266666,7,SAVE10,463.08,16.538571428571426,11,1,10.0,0,1,0,0,0,0,0,0,0,1,0,1,0,0,0,0,1,0
ORD200796,2025-04-29,C33313,3,579.55,882 Main St,TRK13349970,8,WINTER15,1738.65,72.44375,4,1,15.0,0,0,0,1,0,0,0,0,1,0,0,0,1,0,1,0,0,0
ORD200797,2023-02-27,C36825,2,438.76,426 Main St,TRK72557318,2,MISSING,877.52,219.38,2,0,0.0,0,1,0,0,0,0,0,1,0,0,0,0,1,0,1,0,0,0
ORD200798,2025-05-19,C20861,5,488.35,968 Main St,TRK89372013,9,FREESHIP,2441.75,54.26111111111111,5,1,0.0,0,0,0,1,0,0,0,1,0,0,0,0,1,0,0,0,0,0
ORD200799,2023-04-16,C26364,4,328.56,803 Main St,TRK78924436,4,FREESHIP,1314.24,82.14,4,1,0.0,0,1,0,0,0,0,0,1,0,0,0,0,1,0,0,0,0,0
ORD200800,2025-03-28,C34686,1,68.39,412 Main St,TRK99468332,3,WINTER15,68.39,22.796666666666667,3,1,15.0,0,0,0,0,0,1,0,0,0,1,0,0,1,0,1,0,0,0
ORD200801,2023-05-03,C97593,4,595.62,738 Main St,TRK58443593,8,FREESHIP,2382.48,74.4525,5,1,0.0,0,0,0,0,1,0,0,1,0,0,0,1,0,0,1,0,0,0
ORD200802,2024-02-17,C84331,5,644.64,205 Main St,TRK34440714,6,FREESHIP,3223.2,107.44,2,1,0.0,0,0,0,0,0,0,0,0,1,0,0,0,0,0,0,0,0,0
ORD200803,2023-08-20,C88775,5,397.81,223 Main St,TRK45098068,5,SAVE10,1989.05,79.562,8,1,10.0,0,0,1,0,0,0,0,1,0,0,0,0,1,0,0,0,0,1
ORD200804,2024-01-01,C76362,3,236.5,916 Main St,TRK11868618,8,FREESHIP,709.5,29.5625,1,1,0.0,0,0,0,0,0,0,0,0,0,1,1,0,0,0,0,0,0,0
ORD200805,2024-10-15,C59278,5,472.01,178 Main St,TRK14590037,10,SAVE10,2360.05,47.201,10,1,10.0,0,1,0,0,0,0,0,0,1,0,0,0,0,0,0,0,0,0
ORD200806,2023-09-01,C55819,5,253.75,740 Main St,TRK13775054,9,WINTER15,1268.75,28.194444444444443,9,1,15.0,0,0,0,0,0,0,0,0,0,1,0,1,0,0,0,0,1,0
ORD200807,2024-11-10,C82344,3,676.21,260 Main St,TRK70957219,5,SAVE10,2028.63,135.24200000000002,11,1,10.0,0,0,1,0,0,0,0,0,0,1,1,0,0,0,0,1,0,0
ORD200808,2024-02-13,C65565,3,134.05,192 Main St,TRK80383756,3,MISSING,402.15,44.68333333333334,2,0,0.0,1,0,0,0,0,0,1,0,0,0,0,0,0,1,0,1,0,0
ORD200809,2024-04-09,C80416,5,217.43,752 Main St,TRK54385892,10,SAVE10,1087.15,21.743000000000002,4,1,10.0,1,0,0,0,0,0,0,1,0,0,0,0,0,1,0,0,1,0
ORD200810,2023-05-31,C23637,1,553.56,644 Main St,TRK16749863,5,MISSING,553.56,110.71199999999999,5,0,0.0,0,0,0,0,0,1,1,0,0,0,0,0,0,0,0,0,0,1
ORD200811,2023-11-05,C24769,2,28.55,864 Main St,TRK44538305,7,SAVE10,57.1,4.078571428571428,11,1,10.0,0,1,0,0,0,0,0,0,1,0,0,0,0,1,0,0,0,0
ORD200812,2024-01-26,C81547,2,255.26,803 Main St,TRK88437123,6,FREESHIP,510.52,42.54333333333333,1,1,0.0,0,0,0,1,0,0,1,0,0,0,0,0,0,0,0,1,0,0
ORD200813,2025-03-15,C12813,5,292.54,263 Main St,TRK36131660,8,FREESHIP,1462.7,36.5675,3,1,0.0,0,1,0,0,0,0,0,1,0,0,0,0,0,0,0,0,0,0
ORD200814,2024-12-11,C50732,4,147.51,979 Main St,TRK21082461,4,WINTER15,590.04,36.8775,12,1,15.0,0,0,0,0,0,0,0,1,0,0,0,1,0,0,0,0,1,0
ORD200815,2024-08-04,C41320,3,569.84,920 Main St,TRK77539180,8,WINTER15,1709.52,71.23,8,1,15.0,0,0,0,0,1,0,0,0,1,0,0,0,0,0,0,0,1,0
ORD200816,2024-02-21,C55286,5,574.79,497 Main St,TRK39058734,8,WINTER15,2873.95,71.84875,2,1,15.0,0,0,0,0,0,1,1,0,0,0,0,1,0,0,0,0,0,1
ORD200817,2023-10-05,C87994,4,598.19,430 Main St,TRK98883971,7,WINTER15,2392.76,85.4557142857143,10,1,15.0,0,0,0,0,0,0,1,0,0,0,1,0,0,0,0,0,0,0
ORD200818,2023-03-02,C25580,4,390.84,860 Main St,TRK58781638,9,WINTER15,1563.36,43.42666666666666,3,1,15.0,0,0,0,1,0,0,1,0,0,0,0,0,0,0,0,0,0,1
ORD200819,2024-09-28,C66196,2,398.45,650 Main St,TRK38104650,7,SAVE10,796.9,56.92142857142857,9,1,10.0,0,0,0,1,0,0,0,1,0,0,0,0,0,0,0,1,0,0
ORD200820,2023-05-27,C35377,5,623.81,171 Main St,TRK17342157,6,FREESHIP,3119.05,103.96833333333332,5,1,0.0,0,0,0,1,0,0,0,0,0,0,0,0,1,0,0,0,0,0
ORD200821,2024-12-14,C40771,4,174.49,259 Main St,TRK56310345,5,SAVE10,697.96,34.898,12,1,10.0,0,1,0,0,0,0,1,0,0,0,1,0,0,0,1,0,0,0
ORD200822,2025-03-15,C20624,1,479.56,923 Main St,TRK45123395,1,SAVE10,479.56,479.56,3,1,10.0,0,0,0,1,0,0,0,0,1,0,0,0,1,0,0,1,0,0
ORD200823,2024-10-07,C27070,4,653.13,973 Main St,TRK83842481,8,WINTER15,2612.52,81.64125,10,1,15.0,0,1,0,0,0,0,1,0,0,0,0,0,0,1,0,0,1,0
ORD200824,2023-08-29,C18826,3,481.1,664 Main St,TRK12530495,3,FREESHIP,1443.3,160.36666666666667,8,1,0.0,0,0,1,0,0,0,1,0,0,0,0,0,1,0,1,0,0,0
ORD200825,2025-03-26,C23899,5,271.69,543 Main St,TRK88914760,7,FREESHIP,1358.45,38.81285714285714,3,1,0.0,1,0,0,0,0,0,0,0,0,1,0,0,1,0,0,0,1,0
ORD200826,2025-03-08,C43249,3,463.81,283 Main St,TRK32469820,8,WINTER15,1391.43,57.97625,3,1,15.0,0,0,0,0,1,0,0,0,0,1,0,0,1,0,0,0,0,0
ORD200827,2023-05-25,C95856,2,639.88,432 Main St,TRK58829625,5,WINTER15,1279.76,127.976,5,1,15.0,0,0,0,0,0,1,0,0,0,0,1,0,0,0,0,0,1,0
ORD200828,2024-07-24,C86266,4,404.58,510 Main St,TRK64576020,5,FREESHIP,1618.32,80.916,7,1,0.0,0,0,0,0,0,0,0,0,0,0,0,0,0,1,0,0,1,0
ORD200829,2023-02-05,C39551,1,76.93,685 Main St,TRK68358007,6,WINTER15,76.93,12.821666666666667,2,1,15.0,0,0,1,0,0,0,0,1,0,0,1,0,0,0,0,0,1,0
ORD200830,2024-12-11,C90310,4,190.64,853 Main St,TRK70028457,5,SAVE10,762.56,38.128,12,1,10.0,0,0,0,0,0,1,0,0,0,0,1,0,0,0,0,0,0,0
ORD200831,2023-12-18,C20124,2,88.73,140 Main St,TRK61346824,5,MISSING,177.46,17.746000000000002,12,0,0.0,0,0,0,0,1,0,0,0,0,1,0,1,0,0,0,1,0,0
ORD200832,2024-03-12,C63372,5,485.71,903 Main St,TRK14661811,10,SAVE10,2428.55,48.571,3,1,10.0,0,0,0,0,0,0,0,0,0,1,0,1,0,0,0,0,0,1
ORD200833,2025-03-14,C90595,5,78.29,508 Main St,TRK96573803,5,WINTER15,391.45,15.658000000000001,3,1,15.0,0,0,0,1,0,0,1,0,0,0,0,0,0,1,0,0,0,1
ORD200834,2024-04-11,C98483,5,22.14,456 Main St,TRK22084320,10,MISSING,110.7,2.214,4,0,0.0,0,0,0,0,1,0,0,0,0,0,0,0,1,0,0,0,1,0
ORD200835,2024-03-26,C16429,1,679.65,390 Main St,TRK73888013,6,FREESHIP,679.65,113.27499999999999,3,1,0.0,1,0,0,0,0,0,0,1,0,0,0,0,0,1,0,1,0,0
ORD200836,2023-02-02,C31810,1,178.44,328 Main St,TRK58725886,2,FREESHIP,178.44,89.22,2,1,0.0,0,0,0,1,0,0,1,0,0,0,0,0,0,0,0,1,0,0
ORD200837,2025-06-14,C88029,5,655.55,282 Main St,TRK59701278,5,MISSING,3277.75,131.10999999999999,6,0,0.0,0,0,0,0,0,0,0,0,0,1,1,0,0,0,0,0,0,0
ORD200838,2024-04-11,C57798,4,577.08,384 Main St,TRK68797566,8,MISSING,2308.32,72.135,4,0,0.0,1,0,0,0,0,0,0,0,0,1,0,1,0,0,1,0,0,0
ORD200839,2023-08-24,C82858,3,197.97,551 Main St,TRK90618490,5,MISSING,593.91,39.594,8,0,0.0,0,0,0,0,0,0,0,0,0,1,0,0,0,0,0,1,0,0
ORD200840,2024-01-14,C60699,3,411.95,672 Main St,TRK88660574,7,FREESHIP,1235.85,58.85,1,1,0.0,0,0,0,0,0,0,1,0,0,0,1,0,0,0,0,0,0,1
ORD200841,2024-09-19,C94658,2,443.22,742 Main St,TRK51732528,5,MISSING,886.44,88.644,9,0,0.0,0,0,0,0,1,0,1,0,0,0,1,0,0,0,1,0,0,0
ORD200842,2025-05-07,C78305,3,364.14,396 Main St,TRK88312618,7,WINTER15,1092.42,52.019999999999996,5,1,15.0,0,1,0,0,0,0,0,0,0,1,0,1,0,0,0,0,0,1
ORD200843,2025-05-13,C43538,3,430.06,534 Main St,TRK20961563,8,FREESHIP,1290.18,53.7575,5,1,0.0,1,0,0,0,0,0,0,0,1,0,0,0,0,0,0,0,1,0
ORD200844,2024-12-04,C47486,1,320.92,883 Main St,TRK75984759,5,FREESHIP,320.92,64.184,12,1,0.0,0,0,0,0,0,0,0,0,0,1,0,0,1,0,1,0,0,0
ORD200845,2023-10-08,C24212,3,107.36,808 Main St,TRK68894675,5,FREESHIP,322.08,21.472,10,1,0.0,0,0,0,1,0,0,0,0,1,0,1,0,0,0,0,1,0,0
ORD200846,2024-07-04,C24765,2,359.86,646 Main St,TRK43977698,4,MISSING,719.72,89.965,7,0,0.0,1,0,0,0,0,0,0,1,0,0,0,0,0,0,0,0,0,1
ORD200847,2024-11-18,C48176,4,434.23,670 Main St,TRK90560300,8,FREESHIP,1736.92,54.27875,11,1,0.0,0,0,0,0,1,0,0,0,0,1,0,0,0,1,0,0,0,0
ORD200848,2023-01-01,C54675,2,645.85,634 Main St,TRK18049633,5,MISSING,1291.7,129.17000000000002,1,0,0.0,0,0,0,0,0,0,0,0,0,1,0,0,0,1,0,0,0,1
ORD200849,2025-06-09,C16675,4,214.35,664 Main St,TRK12756945,7,WINTER15,857.4,30.62142857142857,6,1,15.0,0,0,0,0,1,0,0,1,0,0,0,0,0,0,0,0,0,1
ORD200850,2025-04-27,C38557,3,638.5,890 Main St,TRK14832238,4,FREESHIP,1915.5,159.625,4,1,0.0,0,0,1,0,0,0,0,1,0,0,0,0,0,0,0,0,1,0
ORD200851,2023-12-12,C80183,1,365.57,146 Main St,TRK20814598,5,SAVE10,365.57,73.114,12,1,10.0,0,1,0,0,0,0,0,0,0,1,0,0,0,0,0,0,0,0
ORD200852,2024-10-24,C39530,3,568.05,618 Main St,TRK69000497,6,SAVE10,1704.15,94.675,10,1,10.0,1,0,0,0,0,0,0,0,1,0,0,1,0,0,0,1,0,0
ORD200853,2023-10-16,C10002,3,490.01,894 Main St,TRK94641152,4,SAVE10,1470.03,122.5025,10,1,10.0,0,0,0,0,1,0,0,0,0,0,0,0,1,0,1,0,0,0
ORD200854,2025-06-13,C56938,3,372.6,356 Main St,TRK67735987,7,WINTER15,1117.8,53.228571428571435,6,1,15.0,0,1,0,0,0,0,1,0,0,0,1,0,0,0,0,0,0,1
ORD200855,2023-05-25,C41331,5,240.61,785 Main St,TRK94198179,10,FREESHIP,1203.05,24.061,5,1,0.0,0,0,1,0,0,0,1,0,0,0,0,0,0,1,0,0,0,0
ORD200856,2024-06-03,C94698,1,586.62,871 Main St,TRK95768773,5,MISSING,586.62,117.324,6,0,0.0,0,0,0,1,0,0,0,1,0,0,0,0,0,1,1,0,0,0
ORD200857,2024-03-10,C56506,3,257.84,185 Main St,TRK86808324,4,MISSING,773.52,64.46,3,0,0.0,0,0,0,1,0,0,0,0,0,1,1,0,0,0,0,0,1,0
ORD200858,2023-08-20,C22167,5,435.66,891 Main St,TRK70269748,9,MISSING,2178.3,48.406666666666666,8,0,0.0,0,0,0,0,0,1,0,0,0,1,0,1,0,0,1,0,0,0
ORD200859,2024-08-28,C11127,5,261.33,154 Main St,TRK73285507,5,SAVE10,1306.65,52.266,8,1,10.0,0,0,0,0,0,0,1,0,0,0,0,0,1,0,0,0,0,1
ORD200860,2024-01-23,C69542,1,422.54,876 Main St,TRK20746505,1,SAVE10,422.54,422.54,1,1,10.0,0,0,0,0,1,0,0,0,0,0,1,0,0,0,0,1,0,0
ORD200861,2023-03-19,C93276,5,330.45,230 Main St,TRK44165913,10,FREESHIP,1652.25,33.045,3,1,0.0,1,0,0,0,0,0,0,0,1,0,0,0,0,1,0,1,0,0
ORD200862,2023-12-02,C37969,3,120.82,799 Main St,TRK69852386,5,SAVE10,362.46,24.163999999999998,12,1,10.0,1,0,0,0,0,0,1,0,0,0,0,0,0,1,0,0,0,1
ORD200863,2024-05-20,C98276,1,14.06,471 Main St,TRK74207282,5,SAVE10,14.06,2.8120000000000003,5,1,10.0,0,0,0,1,0,0,1,0,0,0,0,1,0,0,0,0,0,1
ORD200864,2023-05-03,C14240,1,491.11,592 Main St,TRK58095246,4,SAVE10,491.11,122.7775,5,1,10.0,1,0,0,0,0,0,1,0,0,0,1,0,0,0,1,0,0,0
ORD200865,2023-04-30,C72241,4,677.37,156 Main St,TRK76270481,8,SAVE10,2709.48,84.67125,4,1,10.0,0,0,1,0,0,0,0,0,0,0,0,1,0,0,0,1,0,0
ORD200866,2024-07-26,C39664,5,189.25,693 Main St,TRK39917741,10,WINTER15,946.25,18.925,7,1,15.0,1,0,0,0,0,0,0,1,0,0,0,0,0,0,0,0,0,0
ORD200867,2024-05-26,C53252,4,142.58,351 Main St,TRK65831261,4,FREESHIP,570.32,35.645,5,1,0.0,0,0,0,0,1,0,0,0,0,0,1,0,0,0,1,0,0,0
ORD200868,2024-06-29,C70452,4,316.32,309 Main St,TRK42985882,7,MISSING,1265.28,45.18857142857143,6,0,0.0,0,0,1,0,0,0,0,1,0,0,1,0,0,0,1,0,0,0
ORD200869,2024-03-17,C29905,2,533.95,790 Main St,TRK16788127,5,WINTER15,1067.9,106.79,3,1,15.0,1,0,0,0,0,0,0,0,0,1,1,0,0,0,0,1,0,0
ORD200870,2025-06-01,C78725,4,470.09,541 Main St,TRK72001139,4,FREESHIP,1880.36,117.5225,6,1,0.0,0,0,0,1,0,0,0,1,0,0,1,0,0,0,0,1,0,0
ORD200871,2024-05-16,C93768,3,324.3,720 Main St,TRK22024707,8,FREESHIP,972.9,40.5375,5,1,0.0,0,0,0,0,0,1,0,1,0,0,0,1,0,0,0,0,0,0
ORD200872,2023-07-10,C59169,4,629.34,172 Main St,TRK90883858,7,MISSING,2517.36,89.9057142857143,7,0,0.0,0,0,0,0,0,0,0,0,0,0,0,0,0,1,0,0,0,0
ORD200873,2024-05-12,C53488,3,136.84,448 Main St,TRK27365050,3,SAVE10,410.52,45.61333333333334,5,1,10.0,1,0,0,0,0,0,0,0,0,0,1,0,0,0,1,0,0,0
ORD200874,2023-10-31,C92180,2,488.9,632 Main St,TRK93315929,7,FREESHIP,977.8,69.84285714285714,10,1,0.0,0,0,0,0,0,0,0,0,0,0,1,0,0,0,1,0,0,0
ORD200875,2023-08-03,C25918,5,133.39,203 Main St,TRK66473392,6,FREESHIP,666.95,22.231666666666666,8,1,0.0,0,1,0,0,0,0,1,0,0,0,1,0,0,0,0,0,0,1
ORD200876,2024-06-09,C90363,5,608.91,200 Main St,TRK21534173,6,SAVE10,3044.55,101.485,6,1,10.0,0,0,0,0,0,0,0,0,1,0,0,1,0,0,0,1,0,0
ORD200877,2024-07-25,C43867,1,524.06,269 Main St,TRK97319127,3,FREESHIP,524.06,174.68666666666664,7,1,0.0,0,0,0,0,0,1,0,1,0,0,0,1,0,0,0,0,0,0
ORD200878,2023-06-01,C73873,2,330.69,393 Main St,TRK56423132,5,SAVE10,661.38,66.138,6,1,10.0,1,0,0,0,0,0,0,0,0,1,0,0,0,0,0,1,0,0
ORD200879,2025-04-08,C56622,2,547.67,932 Main St,TRK86373987,3,MISSING,1095.34,182.55666666666664,4,0,0.0,0,0,0,1,0,0,0,0,1,0,0,0,0,1,0,0,1,0
ORD200880,2025-03-12,C85074,4,233.7,506 Main St,TRK63133878,8,SAVE10,934.8,29.2125,3,1,10.0,0,1,0,0,0,0,0,0,0,1,0,0,0,1,1,0,0,0
ORD200881,2023-01-03,C59579,2,448.85,386 Main St,TRK48000034,6,MISSING,897.7,74.80833333333334,1,0,0.0,0,0,0,0,0,1,1,0,0,0,0,1,0,0,0,0,1,0
ORD200882,2025-06-28,C43335,2,274.12,533 Main St,TRK91848650,6,FREESHIP,548.24,45.68666666666667,6,1,0.0,0,0,0,1,0,0,0,0,0,0,1,0,0,0,0,0,0,1
ORD200883,2025-05-13,C43595,5,561.48,451 Main St,TRK25317348,9,FREESHIP,2807.4,62.38666666666667,5,1,0.0,0,0,0,0,1,0,0,0,0,1,1,0,0,0,1,0,0,0
ORD200884,2024-05-15,C71471,1,595.54,817 Main St,TRK52137079,4,MISSING,595.54,148.885,5,0,0.0,0,0,0,0,0,0,0,0,1,0,0,0,0,1,0,0,1,0
ORD200885,2024-04-07,C61090,4,515.59,387 Main St,TRK36388962,7,FREESHIP,2062.36,73.6557142857143,4,1,0.0,0,1,0,0,0,0,1,0,0,0,0,0,0,1,0,1,0,0
ORD200886,2023-10-25,C29620,1,460.13,792 Main St,TRK22046456,1,MISSING,460.13,460.13,10,0,0.0,0,0,0,1,0,0,1,0,0,0,0,0,1,0,0,1,0,0
ORD200887,2024-12-19,C67932,3,171.66,857 Main St,TRK88547534,7,MISSING,514.98,24.52285714285714,12,0,0.0,0,0,0,0,0,0,0,1,0,0,1,0,0,0,0,1,0,0
ORD200888,2024-07-23,C14427,2,266.95,833 Main St,TRK58024529,3,MISSING,533.9,88.98333333333333,7,0,0.0,0,1,0,0,0,0,1,0,0,0,0,1,0,0,0,0,1,0
ORD200889,2024-10-27,C36725,5,650.72,350 Main St,TRK16808790,8,WINTER15,3253.6,81.34,10,1,15.0,0,0,1,0,0,0,1,0,0,0,0,0,0,0,0,0,0,0
ORD200890,2023-08-11,C51921,3,439.53,943 Main St,TRK85741716,5,MISSING,1318.59,87.90599999999999,8,0,0.0,0,1,0,0,0,0,0,1,0,0,0,1,0,0,0,1,0,0
ORD200891,2023-11-11,C36534,3,654.54,918 Main St,TRK38952138,7,SAVE10,1963.62,93.50571428571428,11,1,10.0,0,0,1,0,0,0,0,0,0,0,0,0,1,0,0,0,0,1
ORD200892,2024-06-04,C72043,1,394.53,480 Main St,TRK40896408,2,FREESHIP,394.53,197.265,6,1,0.0,1,0,0,0,0,0,0,0,0,0,0,0,0,1,0,0,0,1
ORD200893,2023-03-21,C99533,1,678.01,696 Main St,TRK55701253,4,FREESHIP,678.01,169.5025,3,1,0.0,0,0,1,0,0,0,0,0,0,0,0,1,0,0,0,0,0,1
ORD200894,2023-05-23,C90852,3,575.01,852 Main St,TRK37551831,8,WINTER15,1725.03,71.87625,5,1,15.0,0,0,0,0,0,1,0,0,0,1,0,0,0,0,0,0,1,0
ORD200895,2023-11-09,C81882,3,154.64,832 Main St,TRK62371264,6,WINTER15,463.92,25.77333333333333,11,1,15.0,0,0,0,0,0,0,0,1,0,0,0,1,0,0,1,0,0,0
ORD200896,2024-10-18,C85466,3,147.29,102 Main St,TRK66764177,3,FREESHIP,441.87,49.096666666666664,10,1,0.0,1,0,0,0,0,0,0,0,1,0,0,0,0,1,0,1,0,0
ORD200897,2024-09-03,C87995,4,481.48,358 Main St,TRK38730545,5,SAVE10,1925.92,96.296,9,1,10.0,0,1,0,0,0,0,0,0,1,0,1,0,0,0,0,0,1,0
ORD200898,2025-03-05,C44619,3,158.37,742 Main St,TRK66662528,6,MISSING,475.11,26.395,3,0,0.0,0,0,1,0,0,0,0,0,0,0,0,0,0,1,0,0,0,1
ORD200899,2025-04-23,C99904,2,323.37,552 Main St,TRK83843411,3,SAVE10,646.74,107.79,4,1,10.0,0,0,0,0,1,0,0,0,0,1,0,1,0,0,0,0,1,0
ORD200900,2025-02-07,C52342,5,73.83,991 Main St,TRK67342586,9,MISSING,369.15,8.203333333333333,2,0,0.0,0,1,0,0,0,0,0,1,0,0,0,1,0,0,0,0,1,0
ORD200901,2024-04-28,C44277,1,458.63,839 Main St,TRK79321479,4,WINTER15,458.63,114.6575,4,1,15.0,0,0,0,0,0,1,0,1,0,0,0,0,1,0,0,0,0,1
ORD200902,2024-07-13,C61162,4,180.25,813 Main St,TRK76712124,7,MISSING,721.0,25.75,7,0,0.0,0,0,1,0,0,0,0,1,0,0,0,0,0,0,1,0,0,0
ORD200903,2023-05-17,C80868,3,473.49,205 Main St,TRK56186636,7,MISSING,1420.47,67.64142857142858,5,0,0.0,0,0,1,0,0,0,1,0,0,0,0,1,0,0,0,0,0,0
ORD200904,2025-02-05,C16693,4,237.43,262 Main St,TRK41146508,8,WINTER15,949.72,29.67875,2,1,15.0,0,0,1,0,0,0,0,0,0,0,0,0,0,0,0,0,0,1
ORD200905,2023-11-23,C67818,1,442.39,101 Main St,TRK81978113,6,FREESHIP,442.39,73.73166666666667,11,1,0.0,0,1,0,0,0,0,0,0,1,0,0,1,0,0,1,0,0,0
ORD200906,2024-09-03,C49938,1,62.12,141 Main St,TRK80175572,2,MISSING,62.12,31.06,9,0,0.0,0,0,1,0,0,0,0,0,0,0,0,0,1,0,0,0,0,0
ORD200907,2024-08-04,C90898,5,298.39,583 Main St,TRK52935170,7,WINTER15,1491.95,42.62714285714286,8,1,15.0,1,0,0,0,0,0,0,0,1,0,0,0,0,0,0,0,0,1
ORD200908,2025-05-06,C35117,2,697.93,332 Main St,TRK27155709,2,SAVE10,1395.86,348.965,5,1,10.0,1,0,0,0,0,0,1,0,0,0,0,0,0,0,0,1,0,0
ORD200909,2024-05-27,C60203,2,291.85,569 Main St,TRK76525279,5,FREESHIP,583.7,58.370000000000005,5,1,0.0,0,0,0,0,0,1,0,0,0,0,0,0,0,1,0,0,1,0
ORD200910,2024-05-31,C36174,3,308.98,348 Main St,TRK26397548,3,SAVE10,926.94,102.99333333333334,5,1,10.0,0,0,0,0,1,0,0,0,0,0,1,0,0,0,0,0,1,0
ORD200911,2024-08-13,C80872,5,396.86,593 Main St,TRK43967487,9,SAVE10,1984.3,44.095555555555556,8,1,10.0,1,0,0,0,0,0,0,0,0,0,0,0,0,0,0,0,1,0
ORD200912,2024-01-22,C67604,2,139.69,318 Main St,TRK85545920,7,FREESHIP,279.38,19.955714285714286,1,1,0.0,1,0,0,0,0,0,0,0,0,1,0,0,1,0,0,0,0,0
ORD200913,2023-02-16,C45599,5,475.95,505 Main St,TRK62277685,8,WINTER15,2379.75,59.49375,2,1,15.0,0,0,0,0,1,0,1,0,0,0,0,0,1,0,1,0,0,0
ORD200914,2025-02-10,C70352,1,626.6,955 Main St,TRK51589589,4,WINTER15,626.6,156.65,2,1,15.0,1,0,0,0,0,0,0,0,1,0,0,0,1,0,1,0,0,0
ORD200915,2024-02-16,C20643,4,502.99,939 Main St,TRK30736692,4,WINTER15,2011.96,125.7475,2,1,15.0,0,1,0,0,0,0,0,1,0,0,0,0,0,1,0,0,0,1
ORD200916,2024-06-21,C35669,5,578.83,165 Main St,TRK13928455,6,MISSING,2894.15,96.47166666666668,6,0,0.0,0,0,0,0,1,0,0,0,0,0,0,0,1,0,0,0,0,1
ORD200917,2025-01-20,C65524,5,383.82,836 Main St,TRK19315310,7,FREESHIP,1919.1,54.83142857142857,1,1,0.0,0,1,0,0,0,0,1,0,0,0,0,0,1,0,0,1,0,0
ORD200918,2025-06-24,C74359,5,368.25,706 Main St,TRK18250450,5,MISSING,1841.25,73.65,6,0,0.0,0,1,0,0,0,0,0,0,0,1,1,0,0,0,0,0,1,0
ORD200919,2025-02-07,C92086,2,374.6,187 Main St,TRK23357668,3,FREESHIP,749.2,124.86666666666667,2,1,0.0,0,0,0,0,1,0,0,0,0,1,0,0,0,1,0,0,0,1
ORD200920,2025-03-12,C26137,2,428.09,978 Main St,TRK98110407,6,MISSING,856.18,71.34833333333333,3,0,0.0,0,0,0,0,0,1,1,0,0,0,0,0,1,0,0,0,1,0
ORD200921,2023-07-24,C90573,1,438.93,144 Main St,TRK90075720,3,SAVE10,438.93,146.31,7,1,10.0,0,0,0,0,0,1,0,0,1,0,0,0,0,0,0,0,0,1
ORD200922,2024-06-17,C81857,2,563.82,487 Main St,TRK79737732,3,MISSING,1127.64,187.94000000000003,6,0,0.0,1,0,0,0,0,0,1,0,0,0,0,1,0,0,0,0,1,0
ORD200923,2023-02-11,C91582,3,649.93,836 Main St,TRK99938245,7,WINTER15,1949.79,92.84714285714286,2,1,15.0,0,0,0,0,1,0,1,0,0,0,0,1,0,0,1,0,0,0
ORD200924,2025-03-22,C81319,5,268.43,991 Main St,TRK55330558,5,SAVE10,1342.15,53.686,3,1,10.0,0,0,0,0,1,0,0,0,0,0,0,0,1,0,0,0,0,0
ORD200925,2024-12-20,C78500,5,502.47,304 Main St,TRK97460884,10,WINTER15,2512.35,50.247,12,1,15.0,0,0,1,0,0,0,0,0,0,1,0,0,0,1,0,0,0,0
ORD200926,2024-03-20,C67533,1,26.95,672 Main St,TRK14566395,1,WINTER15,26.95,26.95,3,1,15.0,1,0,0,0,0,0,0,0,0,0,1,0,0,0,0,0,0,0
ORD200927,2023-02-14,C35566,4,64.69,638 Main St,TRK10003020,7,WINTER15,258.76,9.241428571428571,2,1,15.0,0,1,0,0,0,0,0,1,0,0,0,0,0,1,0,1,0,0
ORD200928,2024-05-09,C77166,3,247.11,821 Main St,TRK18896595,3,WINTER15,741.33,82.37,5,1,15.0,0,1,0,0,0,0,0,1,0,0,0,0,1,0,0,0,0,1
ORD200929,2024-10-16,C67936,2,536.25,553 Main St,TRK71803414,3,MISSING,1072.5,178.75,10,0,0.0,0,0,0,0,0,1,0,1,0,0,0,1,0,0,0,0,0,0
ORD200930,2024-12-16,C59554,2,456.04,382 Main St,TRK28182447,4,FREESHIP,912.08,114.01,12,1,0.0,0,0,0,1,0,0,0,1,0,0,0,0,1,0,0,0,0,0
ORD200931,2024-01-01,C14005,2,40.23,623 Main St,TRK87567926,4,SAVE10,80.46,10.0575,1,1,10.0,0,0,0,0,1,0,1,0,0,0,0,0,0,0,0,1,0,0
ORD200932,2023-03-26,C26118,2,72.39,168 Main St,TRK15334251,7,WINTER15,144.78,10.34142857142857,3,1,15.0,0,1,0,0,0,0,0,0,0,1,1,0,0,0,0,0,1,0
ORD200933,2023-01-26,C59685,2,394.16,255 Main St,TRK43718093,2,MISSING,788.32,197.08,1,0,0.0,0,0,1,0,0,0,0,0,0,1,0,0,0,1,0,0,0,1
ORD200934,2025-06-01,C40304,4,119.84,692 Main St,TRK85790948,8,FREESHIP,479.36,14.98,6,1,0.0,0,1,0,0,0,0,0,0,1,0,0,0,0,1,0,0,0,1
ORD200935,2023-11-24,C39593,3,692.71,398 Main St,TRK62405253,3,FREESHIP,2078.13,230.90333333333334,11,1,0.0,0,0,0,1,0,0,1,0,0,0,1,0,0,0,0,0,1,0
ORD200936,2024-01-12,C50612,4,56.66,737 Main St,TRK44140968,4,SAVE10,226.64,14.165,1,1,10.0,0,0,0,0,0,0,0,0,0,1,1,0,0,0,0,0,1,0
ORD200937,2024-01-16,C39791,2,298.53,536 Main St,TRK46221436,5,WINTER15,597.06,59.705999999999996,1,1,15.0,0,0,0,0,0,0,0,1,0,0,0,0,0,0,0,0,0,0
ORD200938,2023-07-12,C39017,3,331.46,696 Main St,TRK91155214,6,WINTER15,994.38,55.24333333333333,7,1,15.0,0,0,0,0,0,0,1,0,0,0,0,0,0,0,0,0,0,1
ORD200939,2025-04-16,C48510,2,521.4,212 Main St,TRK53152886,7,SAVE10,1042.8,74.48571428571428,4,1,10.0,0,1,0,0,0,0,0,0,0,0,1,0,0,0,0,0,1,0
ORD200940,2023-03-27,C74003,4,305.32,679 Main St,TRK91525779,4,SAVE10,1221.28,76.33,3,1,10.0,0,0,0,0,1,0,0,0,0,1,0,0,0,0,0,1,0,0
ORD200941,2023-07-17,C91155,5,111.7,599 Main St,TRK82162952,9,FREESHIP,558.5,12.411111111111111,7,1,0.0,0,0,0,0,1,0,1,0,0,0,0,0,0,0,0,0,0,0
ORD200942,2023-09-29,C17591,1,479.76,882 Main St,TRK56070470,1,MISSING,479.76,479.76,9,0,0.0,0,0,0,0,0,1,1,0,0,0,0,1,0,0,0,0,0,0
ORD200943,2023-12-27,C43330,3,193.49,355 Main St,TRK71594838,6,FREESHIP,580.47,32.248333333333335,12,1,0.0,0,0,1,0,0,0,0,0,1,0,0,0,1,0,1,0,0,0
ORD200944,2024-12-16,C32687,2,426.22,448 Main St,TRK98284560,7,WINTER15,852.44,60.88857142857143,12,1,15.0,0,1,0,0,0,0,0,0,0,1,1,0,0,0,0,1,0,0
ORD200945,2023-08-20,C79722,5,276.44,619 Main St,TRK29976438,10,FREESHIP,1382.2,27.644,8,1,0.0,0,0,0,0,0,1,0,0,1,0,0,0,0,1,0,0,0,1
ORD200946,2024-05-04,C65021,2,404.96,546 Main St,TRK20626179,4,SAVE10,809.92,101.24,5,1,10.0,0,0,0,1,0,0,0,0,0,0,0,0,0,1,0,0,0,0
ORD200947,2023-09-07,C85520,4,465.66,119 Main St,TRK65994177,9,FREESHIP,1862.64,51.74,9,1,0.0,0,0,0,1,0,0,0,0,0,1,0,0,1,0,0,0,0,0
ORD200948,2024-06-21,C94569,2,594.07,739 Main St,TRK79269291,2,MISSING,1188.14,297.035,6,0,0.0,0,0,0,1,0,0,0,0,1,0,0,0,0,0,0,1,0,0
ORD200949,2023-11-09,C55778,5,110.38,319 Main St,TRK93797108,10,MISSING,551.9,11.038,11,0,0.0,1,0,0,0,0,0,0,0,0,0,0,1,0,0,0,0,0,1
ORD200950,2024-05-31,C19722,1,596.24,891 Main St,TRK78094361,4,FREESHIP,596.24,149.06,5,1,0.0,0,1,0,0,0,0,1,0,0,0,0,0,1,0,0,0,1,0
ORD200951,2024-07-22,C74928,2,306.24,589 Main St,TRK39845914,4,FREESHIP,612.48,76.56,7,1,0.0,0,0,0,0,1,0,0,0,0,1,0,0,1,0,0,0,0,0
ORD200952,2025-02-27,C49111,3,503.39,225 Main St,TRK45303393,5,MISSING,1510.17,100.678,2,0,0.0,0,0,1,0,0,0,0,0,0,1,0,1,0,0,1,0,0,0
ORD200953,2023-02-06,C43721,1,131.61,971 Main St,TRK89392104,2,FREESHIP,131.61,65.805,2,1,0.0,0,0,0,1,0,0,0,0,0,0,0,0,0,1,1,0,0,0
ORD200954,2024-10-22,C68609,3,443.44,240 Main St,TRK58273778,3,FREESHIP,1330.32,147.81333333333333,10,1,0.0,0,0,0,0,0,0,0,0,1,0,0,0,0,1,0,1,0,0
ORD200955,2023-01-23,C82068,1,408.13,164 Main St,TRK25779180,3,WINTER15,408.13,136.04333333333332,1,1,15.0,0,0,0,0,0,0,0,0,1,0,0,0,0,1,0,0,1,0
ORD200956,2024-04-11,C21191,2,160.98,381 Main St,TRK86246309,3,SAVE10,321.96,53.66,4,1,10.0,0,0,0,1,0,0,0,1,0,0,1,0,0,0,0,0,0,1
ORD200957,2023-01-12,C73575,5,643.89,851 Main St,TRK23387612,8,WINTER15,3219.45,80.48625,1,1,15.0,0,0,1,0,0,0,0,0,0,0,0,0,1,0,1,0,0,0
ORD200958,2023-05-13,C82685,3,158.66,537 Main St,TRK70184320,7,WINTER15,475.98,22.665714285714284,5,1,15.0,1,0,0,0,0,0,0,0,1,0,1,0,0,0,0,0,0,0
ORD200959,2024-04-13,C73996,2,143.82,856 Main St,TRK74579570,6,SAVE10,287.64,23.97,4,1,10.0,0,0,0,0,0,1,1,0,0,0,0,0,1,0,0,0,1,0
ORD200960,2023-12-11,C87687,3,379.07,312 Main St,TRK60383805,3,WINTER15,1137.21,126.35666666666667,12,1,15.0,0,1,0,0,0,0,0,0,1,0,0,1,0,0,0,1,0,0
ORD200961,2024-11-11,C55464,1,601.36,532 Main St,TRK81178598,1,MISSING,601.36,601.36,11,0,0.0,0,0,0,1,0,0,0,0,0,1,0,0,0,1,1,0,0,0
ORD200962,2024-09-06,C12459,2,142.08,838 Main St,TRK30674085,4,SAVE10,284.16,35.52,9,1,10.0,0,0,0,1,0,0,0,0,1,0,1,0,0,0,0,0,0,1
ORD200963,2024-03-11,C88075,5,530.34,970 Main St,TRK42832976,9,FREESHIP,2651.7,58.92666666666667,3,1,0.0,0,0,0,0,0,0,0,0,0,1,0,0,0,1,0,1,0,0
ORD200964,2023-08-20,C18583,5,364.42,778 Main St,TRK43084595,10,SAVE10,1822.1,36.442,8,1,10.0,0,0,0,1,0,0,1,0,0,0,0,0,0,0,0,0,0,1
ORD200965,2025-06-18,C70412,4,578.28,791 Main St,TRK22192783,5,FREESHIP,2313.12,115.65599999999999,6,1,0.0,0,1,0,0,0,0,0,0,1,0,0,0,0,0,0,0,0,0
ORD200966,2025-05-20,C58503,5,280.52,290 Main St,TRK12981657,7,WINTER15,1402.6,40.074285714285715,5,1,15.0,0,0,1,0,0,0,1,0,0,0,0,0,0,0,1,0,0,0
ORD200967,2025-05-06,C52879,5,638.92,502 Main St,TRK67403284,5,FREESHIP,3194.6,127.78399999999999,5,1,0.0,0,0,0,0,0,1,1,0,0,0,0,0,1,0,0,1,0,0
ORD200968,2024-02-08,C67870,4,412.2,664 Main St,TRK72602178,6,WINTER15,1648.8,68.7,2,1,15.0,0,0,1,0,0,0,1,0,0,0,0,0,0,1,0,0,0,1
ORD200969,2025-06-05,C19439,1,440.34,675 Main St,TRK25383993,2,WINTER15,440.34,220.17,6,1,15.0,1,0,0,0,0,0,0,0,1,0,0,0,0,1,1,0,0,0
ORD200970,2024-09-07,C72664,1,627.15,241 Main St,TRK86694331,5,SAVE10,627.15,125.42999999999999,9,1,10.0,1,0,0,0,0,0,0,0,0,0,1,0,0,0,0,0,1,0
ORD200971,2024-05-27,C32650,2,605.26,934 Main St,TRK66648743,4,WINTER15,1210.52,151.315,5,1,15.0,0,0,1,0,0,0,0,0,0,0,0,0,0,0,0,0,0,1
ORD200972,2024-06-09,C66438,1,90.27,816 Main St,TRK32035271,5,SAVE10,90.27,18.054,6,1,10.0,0,1,0,0,0,0,0,0,0,0,1,0,0,0,1,0,0,0
ORD200973,2025-06-09,C70010,5,230.77,141 Main St,TRK50594008,10,WINTER15,1153.85,23.077,6,1,15.0,1,0,0,0,0,0,0,0,0,1,0,1,0,0,0,0,0,1
ORD200974,2023-09-27,C30722,5,266.78,274 Main St,TRK52088168,5,MISSING,1333.9,53.355999999999995,9,0,0.0,1,0,0,0,0,0,0,0,1,0,0,0,0,0,0,0,0,0
ORD200975,2023-05-18,C70529,1,105.92,974 Main St,TRK82165408,6,SAVE10,105.92,17.653333333333332,5,1,10.0,1,0,0,0,0,0,0,0,1,0,0,0,1,0,0,0,0,0
ORD200976,2024-04-04,C18984,3,589.3,650 Main St,TRK49298239,6,WINTER15,1767.9,98.21666666666665,4,1,15.0,0,0,0,0,0,1,1,0,0,0,0,0,1,0,0,0,0,1
ORD200977,2023-01-28,C85841,4,649.47,608 Main St,TRK99820544,8,SAVE10,2597.88,81.18375,1,1,10.0,0,0,0,0,0,0,0,0,0,0,0,1,0,0,0,1,0,0
ORD200978,2024-06-25,C41508,4,107.49,993 Main St,TRK61047536,5,MISSING,429.96,21.497999999999998,6,0,0.0,0,0,0,0,1,0,0,0,0,0,1,0,0,0,0,1,0,0
ORD200979,2023-05-31,C75018,3,669.06,299 Main St,TRK51794806,7,SAVE10,2007.18,95.58,5,1,10.0,0,0,1,0,0,0,0,0,0,0,1,0,0,0,1,0,0,0
ORD200980,2023-10-14,C84320,3,69.65,107 Main St,TRK81093218,7,WINTER15,208.95,9.950000000000001,10,1,15.0,0,0,0,0,0,0,0,0,0,0,1,0,0,0,0,0,1,0
ORD200981,2023-11-26,C12609,4,136.83,490 Main St,TRK56379337,8,SAVE10,547.32,17.10375,11,1,10.0,0,0,0,1,0,0,0,1,0,0,0,1,0,0,0,0,0,0
ORD200982,2024-09-06,C64935,1,304.11,707 Main St,TRK42969065,2,SAVE10,304.11,152.055,9,1,10.0,0,0,1,0,0,0,0,0,1,0,0,0,0,1,0,0,0,1
ORD200983,2024-11-24,C67528,4,296.28,110 Main St,TRK60865210,5,SAVE10,1185.12,59.25599999999999,11,1,10.0,0,0,1,0,0,0,0,0,1,0,0,0,0,1,0,0,0,0
ORD200984,2025-02-28,C44176,1,77.64,706 Main St,TRK68704764,1,FREESHIP,77.64,77.64,2,1,0.0,1,0,0,0,0,0,1,0,0,0,0,0,0,1,1,0,0,0
ORD200985,2024-07-20,C92788,1,243.71,948 Main St,TRK83835361,6,SAVE10,243.71,40.61833333333333,7,1,10.0,1,0,0,0,0,0,0,0,1,0,1,0,0,0,0,1,0,0
ORD200986,2024-09-07,C69213,4,644.96,533 Main St,TRK67837331,7,FREESHIP,2579.84,92.13714285714286,9,1,0.0,0,1,0,0,0,0,1,0,0,0,0,1,0,0,0,0,0,0
ORD200987,2025-06-05,C67387,5,283.73,436 Main St,TRK54120003,8,FREESHIP,1418.65,35.46625,6,1,0.0,0,0,0,1,0,0,0,0,1,0,0,1,0,0,0,0,1,0
ORD200988,2025-02-04,C90318,2,629.56,818 Main St,TRK52765043,5,WINTER15,1259.12,125.91199999999999,2,1,15.0,1,0,0,0,0,0,0,0,1,0,0,0,0,0,0,0,1,0
ORD200989,2023-03-23,C49995,4,246.11,559 Main St,TRK33212013,4,SAVE10,984.44,61.5275,3,1,10.0,0,1,0,0,0,0,1,0,0,0,0,1,0,0,0,0,1,0
ORD200990,2023-11-19,C52313,2,418.26,913 Main St,TRK67368559,2,SAVE10,836.52,209.13,11,1,10.0,0,0,0,1,0,0,0,1,0,0,0,1,0,0,0,1,0,0
ORD200991,2024-05-09,C10211,5,127.18,598 Main St,TRK68938335,10,FREESHIP,635.9,12.718,5,1,0.0,1,0,0,0,0,0,0,1,0,0,0,0,0,0,0,1,0,0
ORD200992,2024-08-27,C97907,3,586.21,933 Main St,TRK89637569,4,WINTER15,1758.63,146.5525,8,1,15.0,0,0,0,0,1,0,0,0,1,0,0,1,0,0,0,0,0,1
ORD200993,2024-04-06,C61384,3,267.45,576 Main St,TRK33323210,5,WINTER15,802.35,53.489999999999995,4,1,15.0,0,0,1,0,0,0,0,0,1,0,1,0,0,0,0,0,1,0
ORD200994,2024-06-27,C27613,4,615.65,971 Main St,TRK63701318,9,WINTER15,2462.6,68.40555555555555,6,1,15.0,0,0,0,0,0,1,0,1,0,0,1,0,0,0,0,1,0,0
ORD200995,2023-11-18,C99271,2,113.29,959 Main St,TRK87832736,5,SAVE10,226.58,22.658,11,1,10.0,0,0,1,0,0,0,0,0,0,0,0,1,0,0,1,0,0,0
ORD200996,2024-04-28,C28648,4,473.86,101 Main St,TRK92240846,7,SAVE10,1895.44,67.69428571428571,4,1,10.0,0,0,1,0,0,0,0,1,0,0,1,0,0,0,1,0,0,0
ORD200997,2023-11-27,C26210,3,444.75,805 Main St,TRK40616861,6,SAVE10,1334.25,74.125,11,1,10.0,0,1,0,0,0,0,0,0,0,0,1,0,0,0,1,0,0,0
ORD200998,2023-05-19,C90350,2,183.67,783 Main St,TRK22824230,6,SAVE10,367.34,30.611666666666665,5,1,10.0,0,0,0,1,0,0,0,1,0,0,0,0,0,0,0,1,0,0
ORD200999,2023-12-24,C61957,1,483.38,652 Main St,TRK43983841,6,FREESHIP,483.38,80.56333333333333,12,1,0.0,0,0,0,0,1,0,0,0,0,0,0,1,0,0,0,1,0,0
ORD201000,2023-06-21,C90132,5,260.93,582 Main St,TRK52664903,9,SAVE10,1304.65,28.992222222222225,6,1,10.0,0,0,0,0,1,0,0,0,0,1,1,0,0,0,0,0,0,0
ORD201001,2023-12-08,C31371,2,253.68,122 Main St,TRK19554327,6,MISSING,507.36,42.28,12,0,0.0,0,0,0,0,1,0,0,0,1,0,0,0,0,1,0,0,0,1
ORD201002,2025-06-19,C83911,4,699.88,944 Main St,TRK33188106,5,WINTER15,2799.52,139.976,6,1,15.0,0,0,0,0,0,1,0,0,0,0,0,1,0,0,0,0,0,1
ORD201003,2023-01-11,C84700,5,319.97,582 Main St,TRK14706969,7,SAVE10,1599.85,45.71,1,1,10.0,0,0,0,0,1,0,0,0,0,0,0,0,0,1,0,1,0,0
ORD201004,2025-06-09,C87529,4,246.91,296 Main St,TRK15739505,8,SAVE10,987.64,30.86375,6,1,10.0,0,0,0,0,0,0,0,0,0,1,0,1,0,0,0,0,0,1
ORD201005,2023-03-02,C38065,3,392.85,426 Main St,TRK11448295,6,MISSING,1178.55,65.47500000000001,3,0,0.0,0,0,0,0,1,0,1,0,0,0,0,0,1,0,0,1,0,0
ORD201006,2024-05-27,C27435,5,420.98,860 Main St,TRK91458233,7,SAVE10,2104.9,60.14,5,1,10.0,0,0,0,0,0,1,0,0,0,0,1,0,0,0,1,0,0,0
ORD201007,2024-03-20,C46651,2,73.26,839 Main St,TRK60444502,4,WINTER15,146.52,18.315,3,1,15.0,0,0,1,0,0,0,0,0,0,0,0,1,0,0,1,0,0,0
ORD201008,2023-01-13,C62557,3,410.88,257 Main St,TRK12742366,8,FREESHIP,1232.64,51.36,1,1,0.0,0,0,1,0,0,0,0,0,0,0,1,0,0,0,0,0,1,0
ORD201009,2023-09-02,C54494,2,176.46,696 Main St,TRK95958645,2,FREESHIP,352.92,88.23,9,1,0.0,0,0,0,0,0,1,1,0,0,0,1,0,0,0,0,0,0,0
ORD201010,2023-03-31,C33729,3,659.57,533 Main St,TRK35649833,6,SAVE10,1978.71,109.92833333333334,3,1,10.0,0,0,1,0,0,0,1,0,0,0,0,0,0,0,0,0,0,0
ORD201011,2024-12-03,C47823,2,478.36,654 Main St,TRK22271097,3,MISSING,956.72,159.45333333333335,12,0,0.0,0,0,0,1,0,0,0,0,0,1,0,0,0,1,0,1,0,0
ORD201012,2024-12-03,C84570,4,30.05,301 Main St,TRK12551882,6,MISSING,120.2,5.008333333333334,12,0,0.0,0,0,0,0,1,0,0,0,0,1,0,0,1,0,1,0,0,0
ORD201013,2025-04-26,C91123,4,300.56,842 Main St,TRK49568409,9,FREESHIP,1202.24,33.39555555555555,4,1,0.0,0,1,0,0,0,0,0,0,0,0,0,0,0,0,1,0,0,0
ORD201014,2024-02-04,C92548,5,226.45,160 Main St,TRK21682892,6,FREESHIP,1132.25,37.74166666666667,2,1,0.0,0,0,0,0,0,1,0,1,0,0,0,0,1,0,0,0,0,0
ORD201015,2024-01-26,C97454,2,349.4,892 Main St,TRK73249329,2,SAVE10,698.8,174.7,1,1,10.0,0,0,0,0,1,0,0,0,0,1,0,0,0,1,0,0,1,0
ORD201016,2023-12-29,C20257,5,268.78,669 Main St,TRK62135578,7,WINTER15,1343.9,38.39714285714285,12,1,15.0,0,0,0,0,0,1,0,1,0,0,1,0,0,0,0,0,0,0
ORD201017,2024-08-25,C51694,2,680.85,953 Main St,TRK83122112,6,FREESHIP,1361.7,113.47500000000001,8,1,0.0,0,0,0,0,0,0,0,0,1,0,1,0,0,0,0,0,0,1
ORD201018,2023-07-08,C77499,3,182.48,209 Main St,TRK20703086,3,MISSING,547.44,60.82666666666666,7,0,0.0,0,1,0,0,0,0,0,0,0,0,1,0,0,0,0,0,1,0
ORD201019,2024-04-06,C28386,1,277.09,293 Main St,TRK32954229,2,SAVE10,277.09,138.545,4,1,10.0,1,0,0,0,0,0,0,0,0,0,0,0,1,0,0,0,0,1
ORD201020,2024-04-22,C50211,2,26.5,312 Main St,TRK47787981,3,SAVE10,53.0,8.833333333333334,4,1,10.0,0,0,0,0,0,1,0,0,0,1,1,0,0,0,0,0,1,0
ORD201021,2023-10-23,C74519,3,315.27,309 Main St,TRK97351945,4,SAVE10,945.81,78.8175,10,1,10.0,0,0,0,1,0,0,1,0,0,0,0,0,0,0,0,0,0,0
ORD201022,2025-02-24,C19071,3,450.98,396 Main St,TRK66537096,8,SAVE10,1352.94,56.3725,2,1,10.0,0,0,0,0,0,1,1,0,0,0,0,0,0,1,0,0,0,1
ORD201023,2024-09-23,C65251,5,233.67,291 Main St,TRK32059025,10,MISSING,1168.35,23.366999999999997,9,0,0.0,0,1,0,0,0,0,0,0,0,0,0,0,0,1,0,0,0,1
ORD201024,2024-01-29,C90612,3,367.75,731 Main St,TRK93022878,7,FREESHIP,1103.25,52.535714285714285,1,1,0.0,0,0,0,0,0,0,0,0,0,0,0,1,0,0,1,0,0,0
ORD201025,2025-05-17,C28406,1,23.53,174 Main St,TRK98841457,2,FREESHIP,23.53,11.765,5,1,0.0,0,0,0,0,0,0,0,0,1,0,1,0,0,0,0,0,1,0
ORD201026,2023-05-01,C55454,1,677.48,807 Main St,TRK13281370,1,WINTER15,677.48,677.48,5,1,15.0,0,0,1,0,0,0,0,0,0,1,1,0,0,0,1,0,0,0
ORD201027,2024-05-21,C93467,4,554.83,983 Main St,TRK77377373,6,MISSING,2219.32,92.47166666666668,5,0,0.0,0,1,0,0,0,0,0,0,0,0,0,0,1,0,0,1,0,0
ORD201028,2023-02-17,C60042,4,440.31,610 Main St,TRK84651559,6,MISSING,1761.24,73.385,2,0,0.0,1,0,0,0,0,0,0,0,0,0,0,0,0,0,0,0,1,0
ORD201029,2025-03-01,C44733,1,87.06,851 Main St,TRK41500198,4,FREESHIP,87.06,21.765,3,1,0.0,1,0,0,0,0,0,1,0,0,0,0,0,0,1,0,0,0,0
ORD201030,2023-10-02,C61773,4,245.28,176 Main St,TRK12936357,6,WINTER15,981.12,40.88,10,1,15.0,0,0,0,1,0,0,1,0,0,0,1,0,0,0,0,0,0,0
ORD201031,2023-02-28,C59183,5,664.51,136 Main St,TRK18129706,8,SAVE10,3322.55,83.06375,2,1,10.0,0,0,0,1,0,0,0,1,0,0,0,1,0,0,0,0,0,0
ORD201032,2023-04-20,C26188,1,618.68,990 Main St,TRK61634201,6,WINTER15,618.68,103.11333333333333,4,1,15.0,0,0,0,0,0,0,0,0,0,1,1,0,0,0,0,0,0,1
ORD201033,2024-12-24,C20338,1,370.85,331 Main St,TRK30654048,2,FREESHIP,370.85,185.425,12,1,0.0,0,0,1,0,0,0,0,0,1,0,1,0,0,0,0,0,0,1
ORD201034,2024-06-16,C84524,4,517.98,766 Main St,TRK76751888,8,FREESHIP,2071.92,64.7475,6,1,0.0,0,0,0,0,1,0,0,0,0,0,0,0,0,0,1,0,0,0
ORD201035,2023-11-12,C70315,4,506.11,911 Main St,TRK97732085,5,MISSING,2024.44,101.22200000000001,11,0,0.0,0,1,0,0,0,0,0,0,0,0,0,0,0,0,0,0,0,1
ORD201036,2024-05-31,C98278,3,413.83,552 Main St,TRK49684737,8,SAVE10,1241.49,51.72875,5,1,10.0,0,0,0,1,0,0,0,0,1,0,0,0,0,1,1,0,0,0
ORD201037,2023-12-13,C32347,1,249.81,408 Main St,TRK54073964,1,SAVE10,249.81,249.81,12,1,10.0,0,0,0,0,1,0,0,0,0,0,0,1,0,0,0,1,0,0
ORD201038,2025-03-15,C77961,3,362.53,422 Main St,TRK28969024,5,MISSING,1087.59,72.506,3,0,0.0,0,0,0,0,0,1,0,1,0,0,0,0,1,0,1,0,0,0
ORD201039,2025-06-28,C49137,2,299.23,177 Main St,TRK79362428,2,WINTER15,598.46,149.615,6,1,15.0,1,0,0,0,0,0,1,0,0,0,0,0,0,0,0,0,1,0
ORD201040,2023-11-15,C13169,1,536.07,932 Main St,TRK66288666,5,FREESHIP,536.07,107.21400000000001,11,1,0.0,0,0,0,0,0,1,0,1,0,0,1,0,0,0,0,1,0,0
ORD201041,2023-02-11,C21167,4,558.9,948 Main St,TRK97737564,9,WINTER15,2235.6,62.099999999999994,2,1,15.0,0,0,1,0,0,0,0,0,1,0,0,0,0,1,0,1,0,0
ORD201042,2024-12-09,C59724,2,409.75,414 Main St,TRK67878272,2,WINTER15,819.5,204.875,12,1,15.0,0,0,0,0,0,1,0,1,0,0,0,0,0,1,1,0,0,0
ORD201043,2025-01-11,C43965,2,179.96,675 Main St,TRK94346739,5,MISSING,359.92,35.992000000000004,1,0,0.0,0,0,0,0,0,1,0,0,1,0,0,0,0,1,0,0,1,0
ORD201044,2025-06-22,C63018,1,38.49,215 Main St,TRK52335337,4,FREESHIP,38.49,9.6225,6,1,0.0,0,0,0,0,1,0,1,0,0,0,1,0,0,0,0,0,0,1
ORD201045,2024-09-20,C11893,5,316.4,671 Main St,TRK72012758,7,MISSING,1582.0,45.199999999999996,9,0,0.0,0,1,0,0,0,0,0,0,1,0,0,0,1,0,0,0,0,0
ORD201046,2024-10-07,C85421,3,547.15,466 Main St,TRK16524006,4,WINTER15,1641.45,136.7875,10,1,15.0,0,0,0,0,0,1,0,0,0,1,0,0,0,1,0,0,1,0
ORD201047,2023-06-23,C81726,4,540.34,394 Main St,TRK69872994,6,WINTER15,2161.36,90.05666666666667,6,1,15.0,0,0,0,0,0,0,0,0,1,0,0,0,0,1,0,0,0,1
ORD201048,2024-09-09,C57601,4,73.65,889 Main St,TRK21153699,9,MISSING,294.6,8.183333333333334,9,0,0.0,0,0,1,0,0,0,0,1,0,0,0,0,0,1,0,1,0,0
ORD201049,2024-07-18,C60575,5,391.86,587 Main St,TRK44468232,6,MISSING,1959.3,65.31,7,0,0.0,1,0,0,0,0,0,1,0,0,0,0,0,0,1,0,0,1,0
ORD201050,2023-08-20,C70659,5,69.7,722 Main St,TRK49663597,9,MISSING,348.5,7.7444444444444445,8,0,0.0,0,1,0,0,0,0,0,0,0,1,0,0,1,0,0,0,1,0
ORD201051,2025-03-05,C35043,5,26.43,820 Main St,TRK65097450,5,FREESHIP,132.15,5.286,3,1,0.0,0,0,1,0,0,0,0,0,1,0,0,0,0,1,1,0,0,0
ORD201052,2023-09-11,C12301,1,531.74,493 Main St,TRK25145796,1,WINTER15,531.74,531.74,9,1,15.0,0,0,0,0,0,1,0,0,0,1,0,0,0,1,0,1,0,0
ORD201053,2024-09-15,C32798,2,496.62,679 Main St,TRK37375451,2,SAVE10,993.24,248.31,9,1,10.0,0,0,0,1,0,0,0,0,0,1,0,1,0,0,0,0,1,0
ORD201054,2023-11-29,C42949,1,660.66,447 Main St,TRK46415143,3,WINTER15,660.66,220.22,11,1,15.0,0,0,0,0,1,0,0,1,0,0,1,0,0,0,0,0,1,0
ORD201055,2023-10-23,C10787,4,274.82,932 Main St,TRK91512567,9,WINTER15,1099.28,30.535555555555554,10,1,15.0,0,0,1,0,0,0,0,1,0,0,1,0,0,0,0,0,0,0
ORD201056,2024-06-14,C26152,2,486.35,790 Main St,TRK49382455,6,SAVE10,972.7,81.05833333333334,6,1,10.0,0,0,0,1,0,0,0,0,0,1,0,1,0,0,0,0,0,1
ORD201057,2024-09-24,C46210,3,428.88,535 Main St,TRK81611937,3,WINTER15,1286.64,142.96,9,1,15.0,0,1,0,0,0,0,0,1,0,0,0,0,0,1,1,0,0,0
ORD201058,2023-09-08,C32943,2,412.14,127 Main St,TRK26949106,2,FREESHIP,824.28,206.07,9,1,0.0,1,0,0,0,0,0,1,0,0,0,0,0,1,0,0,0,1,0
ORD201059,2024-09-22,C73629,1,265.64,601 Main St,TRK11492924,3,WINTER15,265.64,88.54666666666667,9,1,15.0,1,0,0,0,0,0,1,0,0,0,0,0,1,0,0,0,1,0
ORD201060,2024-05-07,C38024,2,273.43,824 Main St,TRK93370912,7,WINTER15,546.86,39.06142857142857,5,1,15.0,0,0,0,0,0,1,0,0,0,0,0,0,0,1,0,0,0,1
ORD201061,2025-01-29,C25445,5,131.7,830 Main St,TRK12402431,8,FREESHIP,658.5,16.4625,1,1,0.0,0,1,0,0,0,0,0,0,0,0,0,0,0,1,0,1,0,0
ORD201062,2023-08-23,C13501,5,85.52,301 Main St,TRK65149372,5,MISSING,427.6,17.104,8,0,0.0,0,0,0,0,0,0,0,0,1,0,0,0,0,0,1,0,0,0
ORD201063,2024-06-19,C42108,2,320.68,336 Main St,TRK58407918,5,FREESHIP,641.36,64.136,6,1,0.0,1,0,0,0,0,0,1,0,0,0,0,0,0,1,0,0,0,1
ORD201064,2025-02-12,C32121,4,198.81,654 Main St,TRK96074264,9,FREESHIP,795.24,22.09,2,1,0.0,0,1,0,0,0,0,0,0,0,0,0,0,1,0,0,0,0,1
ORD201065,2023-10-30,C47778,5,666.8,488 Main St,TRK79504329,7,SAVE10,3330.4075,95.25714285714285,10,1,10.0,0,0,0,0,1,0,0,1,0,0,1,0,0,0,0,0,0,1
ORD201066,2023-12-20,C10791,1,355.09,674 Main St,TRK20321248,5,SAVE10,355.09,71.018,12,1,10.0,1,0,0,0,0,0,0,1,0,0,0,0,0,0,0,0,1,0
ORD201067,2023-06-06,C78959,2,316.2,384 Main St,TRK37426359,2,MISSING,632.4,158.1,6,0,0.0,0,0,0,1,0,0,0,0,0,1,0,0,1,0,0,0,1,0
ORD201068,2024-08-03,C29914,1,133.39,469 Main St,TRK22073506,2,SAVE10,133.39,66.695,8,1,10.0,0,1,0,0,0,0,0,1,0,0,0,0,0,1,0,0,0,1
ORD201069,2023-02-25,C70506,1,454.23,255 Main St,TRK12518384,3,MISSING,454.23,151.41,2,0,0.0,0,0,1,0,0,0,0,0,1,0,0,0,1,0,1,0,0,0
ORD201070,2024-09-06,C46873,4,491.29,496 Main St,TRK10926575,6,MISSING,1965.16,81.88166666666667,9,0,0.0,1,0,0,0,0,0,0,1,0,0,0,1,0,0,0,0,0,0
ORD201071,2025-06-24,C94037,2,255.14,216 Main St,TRK47536985,2,MISSING,510.28,127.57,6,0,0.0,0,0,0,1,0,0,0,0,0,0,0,0,0,1,0,1,0,0
ORD201072,2023-02-26,C88644,1,392.61,977 Main St,TRK14900878,4,SAVE10,392.61,98.1525,2,1,10.0,0,0,1,0,0,0,0,0,1,0,0,0,0,0,0,0,0,1
ORD201073,2024-10-11,C69471,4,362.06,294 Main St,TRK11107152,4,MISSING,1448.24,90.515,10,0,0.0,0,0,0,0,0,1,0,1,0,0,0,0,1,0,1,0,0,0
ORD201074,2024-05-10,C21437,1,222.73,120 Main St,TRK81624772,4,MISSING,222.73,55.6825,5,0,0.0,0,0,0,1,0,0,0,0,0,1,0,0,1,0,0,1,0,0
ORD201075,2024-08-31,C40949,2,552.63,609 Main St,TRK43066749,7,WINTER15,1105.26,78.94714285714285,8,1,15.0,0,0,1,0,0,0,0,1,0,0,1,0,0,0,0,0,1,0
ORD201076,2023-05-08,C99116,4,686.61,176 Main St,TRK52711973,6,MISSING,2746.44,114.435,5,0,0.0,0,1,0,0,0,0,0,0,0,0,0,0,0,1,0,0,0,1
ORD201077,2025-03-07,C57861,3,305.16,115 Main St,TRK47775217,8,SAVE10,915.48,38.145,3,1,10.0,0,0,0,0,1,0,1,0,0,0,0,0,0,0,0,0,0,1
ORD201078,2023-03-18,C62627,1,41.09,881 Main St,TRK90060232,4,WINTER15,41.09,10.2725,3,1,15.0,1,0,0,0,0,0,0,0,0,1,0,0,1,0,0,0,0,0
ORD201079,2024-06-20,C89979,5,634.0,144 Main St,TRK99055909,8,MISSING,3170.0,79.25,6,0,0.0,0,0,0,1,0,0,0,0,1,0,1,0,0,0,0,0,0,0
ORD201080,2023-01-20,C70613,5,464.74,438 Main St,TRK33140293,7,MISSING,2323.7,66.39142857142858,1,0,0.0,0,1,0,0,0,0,0,0,1,0,1,0,0,0,0,0,0,1
ORD201081,2023-04-21,C55636,4,425.6,494 Main St,TRK85897054,5,FREESHIP,1702.4,85.12,4,1,0.0,0,0,1,0,0,0,1,0,0,0,0,1,0,0,0,1,0,0
ORD201082,2023-10-06,C96595,3,573.22,177 Main St,TRK59779174,5,SAVE10,1719.66,114.644,10,1,10.0,0,0,0,0,0,0,0,1,0,0,0,1,0,0,0,0,0,0
ORD201083,2024-07-09,C68508,1,123.28,895 Main St,TRK98960285,3,SAVE10,123.28,41.093333333333334,7,1,10.0,0,0,0,0,0,0,1,0,0,0,1,0,0,0,0,0,0,0
ORD201084,2023-01-08,C45175,1,70.82,128 Main St,TRK41792296,1,WINTER15,70.82,70.82,1,1,15.0,0,0,0,1,0,0,0,0,1,0,0,1,0,0,0,0,1,0
ORD201085,2023-05-21,C28049,2,646.69,404 Main St,TRK91426444,7,WINTER15,1293.38,92.38428571428572,5,1,15.0,0,0,0,0,1,0,0,1,0,0,0,0,0,1,0,0,1,0
ORD201086,2023-12-23,C46967,2,513.42,401 Main St,TRK91439791,5,WINTER15,1026.84,102.684,12,1,15.0,0,0,0,0,0,1,0,0,0,1,0,1,0,0,0,0,1,0
ORD201087,2025-03-23,C84134,4,693.07,530 Main St,TRK48659380,8,SAVE10,2772.28,86.63375,3,1,10.0,0,1,0,0,0,0,0,0,0,1,0,0,0,1,0,0,1,0
ORD201088,2023-11-30,C49831,3,491.43,213 Main St,TRK21232601,6,WINTER15,1474.29,81.905,11,1,15.0,1,0,0,0,0,0,0,0,1,0,0,0,0,1,0,0,1,0
ORD201089,2025-03-15,C13324,2,599.74,440 Main St,TRK66967997,2,MISSING,1199.48,299.87,3,0,0.0,0,0,0,0,0,1,0,0,1,0,0,0,0,1,0,0,1,0
ORD201090,2023-02-25,C61225,2,650.25,996 Main St,TRK37022954,6,MISSING,1300.5,108.375,2,0,0.0,0,0,1,0,0,0,0,0,1,0,0,0,1,0,0,0,1,0
ORD201091,2024-10-08,C16400,3,209.48,123 Main St,TRK57771859,4,MISSING,628.44,52.37,10,0,0.0,0,1,0,0,0,0,0,1,0,0,0,1,0,0,0,0,0,0
ORD201092,2023-08-21,C38642,5,209.2,930 Main St,TRK47744396,6,WINTER15,1046.0,34.86666666666667,8,1,15.0,0,1,0,0,0,0,0,1,0,0,1,0,0,0,0,0,0,0
ORD201093,2023-06-09,C86773,4,197.36,557 Main St,TRK22612240,9,FREESHIP,789.44,21.928888888888892,6,1,0.0,0,0,0,1,0,0,0,0,1,0,0,0,1,0,0,0,1,0
ORD201094,2023-06-28,C66093,4,648.91,615 Main St,TRK54950785,6,SAVE10,2595.64,108.15166666666666,6,1,10.0,0,0,0,0,1,0,1,0,0,0,0,0,0,1,0,0,1,0
ORD201095,2024-04-23,C33051,2,441.54,397 Main St,TRK92929755,2,SAVE10,883.08,220.77,4,1,10.0,0,0,0,1,0,0,0,0,0,1,1,0,0,0,0,0,0,0
ORD201096,2025-05-03,C18169,2,464.92,782 Main St,TRK49482923,2,MISSING,929.84,232.46,5,0,0.0,0,0,0,0,0,1,0,1,0,0,0,0,1,0,1,0,0,0
ORD201097,2024-12-26,C81370,5,506.45,344 Main St,TRK99682998,7,WINTER15,2532.25,72.35,12,1,15.0,0,0,1,0,0,0,0,0,1,0,0,0,0,1,0,1,0,0
ORD201098,2023-06-17,C91103,4,255.86,155 Main St,TRK91653000,7,MISSING,1023.44,36.55142857142857,6,0,0.0,0,0,1,0,0,0,1,0,0,0,1,0,0,0,0,0,0,0
ORD201099,2024-09-19,C21953,2,125.23,272 Main St,TRK60774796,3,FREESHIP,250.46,41.74333333333333,9,1,0.0,0,1,0,0,0,0,0,0,0,0,0,0,0,0,0,0,0,0
ORD201100,2023-08-17,C15146,5,38.11,428 Main St,TRK79790530,6,WINTER15,190.55,6.351666666666667,8,1,15.0,0,1,0,0,0,0,0,1,0,0,0,0,0,0,0,0,1,0
ORD201101,2025-06-08,C43546,3,161.97,904 Main St,TRK85871121,4,SAVE10,485.91,40.4925,6,1,10.0,0,0,1,0,0,0,0,0,0,0,0,1,0,0,0,0,0,0
ORD201102,2024-06-03,C98474,4,347.17,997 Main St,TRK86192984,8,MISSING,1388.68,43.39625,6,0,0.0,0,0,0,0,0,0,0,1,0,0,0,0,0,1,0,0,1,0
ORD201103,2023-04-24,C90292,4,276.32,129 Main St,TRK26270357,5,MISSING,1105.28,55.263999999999996,4,0,0.0,0,1,0,0,0,0,0,0,0,1,1,0,0,0,0,1,0,0
ORD201104,2024-07-25,C17075,4,314.76,850 Main St,TRK63547510,8,MISSING,1259.04,39.345,7,0,0.0,0,0,0,0,0,1,0,0,0,1,0,0,0,1,0,0,1,0
ORD201105,2024-01-08,C12487,3,475.69,884 Main St,TRK23324770,3,FREESHIP,1427.07,158.56333333333333,1,1,0.0,0,0,0,0,0,1,0,0,1,0,0,0,0,0,0,1,0,0
ORD201106,2023-03-12,C34555,1,372.8,903 Main St,TRK72859458,6,SAVE10,372.8,62.13333333333333,3,1,10.0,0,0,0,0,0,0,0,0,0,0,0,0,0,0,1,0,0,0
ORD201107,2025-06-30,C25110,2,63.21,282 Main St,TRK80963328,4,SAVE10,126.42,15.8025,6,1,10.0,0,0,0,0,0,1,0,0,0,1,0,0,0,0,0,1,0,0
ORD201108,2023-03-20,C35136,1,634.94,462 Main St,TRK49753703,5,WINTER15,634.94,126.98800000000001,3,1,15.0,0,1,0,0,0,0,0,0,0,1,0,0,0,0,0,0,1,0
ORD201109,2024-04-08,C62277,4,77.47,474 Main St,TRK32026174,7,SAVE10,309.88,11.067142857142857,4,1,10.0,0,0,0,0,1,0,0,0,1,0,0,0,1,0,0,0,1,0
ORD201110,2024-02-25,C12472,3,84.31,912 Main St,TRK36103184,3,SAVE10,252.93,28.103333333333335,2,1,10.0,0,0,0,0,0,0,1,0,0,0,0,0,0,1,0,0,0,0
ORD201111,2023-05-06,C24047,4,234.45,362 Main St,TRK91338580,9,FREESHIP,937.8,26.049999999999997,5,1,0.0,0,0,1,0,0,0,0,0,0,1,0,0,0,0,0,0,1,0
ORD201112,2023-10-13,C76929,1,356.81,563 Main St,TRK80694400,1,WINTER15,356.81,356.81,10,1,15.0,1,0,0,0,0,0,0,0,0,1,1,0,0,0,0,0,1,0
ORD201113,2023-03-19,C52914,4,209.99,168 Main St,TRK80819053,8,MISSING,839.96,26.24875,3,0,0.0,1,0,0,0,0,0,0,0,0,0,1,0,0,0,0,1,0,0
ORD201114,2023-03-16,C55164,3,659.88,609 Main St,TRK79610967,3,MISSING,1979.64,219.96,3,0,0.0,0,0,0,0,0,1,0,0,1,0,0,0,0,0,0,1,0,0
ORD201115,2025-06-20,C70426,2,336.32,562 Main St,TRK89687816,3,MISSING,672.64,112.10666666666667,6,0,0.0,0,1,0,0,0,0,0,0,0,1,0,0,1,0,0,1,0,0
ORD201116,2023-10-14,C69149,2,531.49,562 Main St,TRK61265132,7,WINTER15,1062.98,75.92714285714285,10,1,15.0,0,0,0,0,1,0,1,0,0,0,1,0,0,0,1,0,0,0
ORD201117,2024-05-20,C78684,3,588.44,858 Main St,TRK95779073,8,WINTER15,1765.32,73.555,5,1,15.0,0,0,0,0,0,0,0,0,1,0,0,0,0,1,0,1,0,0
ORD201118,2024-05-24,C58168,3,251.48,359 Main St,TRK99102265,4,MISSING,754.44,62.87,5,0,0.0,0,0,0,1,0,0,1,0,0,0,0,0,1,0,0,0,0,0
ORD201119,2024-11-24,C99024,1,684.65,250 Main St,TRK24675988,1,FREESHIP,684.65,684.65,11,1,0.0,0,1,0,0,0,0,1,0,0,0,1,0,0,0,0,0,0,0
ORD201120,2025-05-10,C22919,1,195.86,267 Main St,TRK82416295,3,MISSING,195.86,65.28666666666668,5,0,0.0,0,0,0,0,0,1,0,0,0,1,0,1,0,0,1,0,0,0
ORD201121,2023-05-28,C98354,3,50.34,393 Main St,TRK43070888,3,FREESHIP,151.02,16.78,5,1,0.0,0,0,0,1,0,0,0,0,1,0,0,0,1,0,0,0,1,0
ORD201122,2023-06-07,C38840,5,678.19,766 Main St,TRK32496970,8,MISSING,3330.4075,84.77375,6,0,0.0,0,0,1,0,0,0,0,0,0,1,0,0,1,0,1,0,0,0
ORD201123,2023-04-14,C68936,3,554.25,843 Main St,TRK73163634,6,WINTER15,1662.75,92.375,4,1,15.0,0,0,0,0,0,1,0,1,0,0,0,0,0,1,0,0,0,1
ORD201124,2023-05-09,C33744,4,576.87,888 Main St,TRK40245983,5,MISSING,2307.48,115.374,5,0,0.0,0,0,0,0,0,0,0,0,1,0,0,0,1,0,0,0,1,0
ORD201125,2023-10-16,C23555,4,408.36,156 Main St,TRK67210247,4,FREESHIP,1633.44,102.09,10,1,0.0,1,0,0,0,0,0,0,0,1,0,0,0,0,0,0,0,0,1
ORD201126,2024-07-22,C34337,5,190.11,325 Main St,TRK36195559,7,SAVE10,950.55,27.15857142857143,7,1,10.0,0,0,0,1,0,0,0,0,0,0,1,0,0,0,0,1,0,0
ORD201127,2025-03-15,C69396,3,602.75,920 Main St,TRK33155049,6,SAVE10,1808.25,100.45833333333333,3,1,10.0,0,0,0,0,1,0,1,0,0,0,0,0,0,1,0,0,0,0
ORD201128,2023-08-17,C49198,3,646.79,447 Main St,TRK10883354,5,WINTER15,1940.37,129.358,8,1,15.0,0,0,1,0,0,0,0,0,0,0,0,0,0,0,0,1,0,0
ORD201129,2023-06-11,C43911,4,418.71,239 Main St,TRK37495481,8,FREESHIP,1674.84,52.33875,6,1,0.0,0,0,0,0,0,0,0,0,0,0,0,1,0,0,0,0,1,0
ORD201130,2025-02-16,C24347,2,323.45,533 Main St,TRK27233265,5,FREESHIP,646.9,64.69,2,1,0.0,0,1,0,0,0,0,1,0,0,0,0,0,1,0,0,0,1,0
ORD201131,2024-07-18,C21043,1,694.5,195 Main St,TRK41691086,3,WINTER15,694.5,231.5,7,1,15.0,0,0,0,1,0,0,1,0,0,0,0,1,0,0,1,0,0,0
ORD201132,2024-12-02,C58858,2,337.32,948 Main St,TRK30406357,4,SAVE10,674.64,84.33,12,1,10.0,0,0,0,0,0,0,1,0,0,0,0,0,0,0,0,0,0,0
ORD201133,2024-04-09,C20670,2,467.91,432 Main St,TRK76731303,5,WINTER15,935.82,93.58200000000001,4,1,15.0,0,0,0,0,1,0,0,0,1,0,0,0,1,0,1,0,0,0
ORD201134,2024-06-08,C90993,4,38.28,950 Main St,TRK53964711,4,WINTER15,153.12,9.57,6,1,15.0,1,0,0,0,0,0,0,1,0,0,0,0,0,0,1,0,0,0
ORD201135,2023-12-28,C11473,2,73.41,562 Main St,TRK97793275,2,SAVE10,146.82,36.705,12,1,10.0,0,0,0,0,1,0,0,0,0,1,0,0,0,1,0,1,0,0
ORD201136,2023-09-24,C71899,3,668.33,799 Main St,TRK34856025,4,WINTER15,2004.99,167.0825,9,1,15.0,0,0,0,0,0,1,0,0,1,0,0,1,0,0,1,0,0,0
ORD201137,2024-07-29,C48577,4,410.21,841 Main St,TRK59911645,5,WINTER15,1640.84,82.042,7,1,15.0,0,0,0,0,1,0,0,0,0,0,0,1,0,0,0,0,1,0
ORD201138,2023-12-18,C13100,4,294.41,188 Main St,TRK55565668,4,MISSING,1177.64,73.6025,12,0,0.0,1,0,0,0,0,0,0,1,0,0,0,1,0,0,0,0,1,0
ORD201139,2025-03-01,C70659,3,501.82,568 Main St,TRK28290825,4,FREESHIP,1505.46,125.455,3,1,0.0,0,0,0,0,0,0,0,0,1,0,0,0,0,0,0,0,0,0
ORD201140,2024-06-24,C49838,2,552.83,904 Main St,TRK38297718,3,MISSING,1105.66,184.27666666666667,6,0,0.0,0,0,0,0,1,0,1,0,0,0,0,0,0,0,0,0,0,1
ORD201141,2025-02-16,C11998,3,498.66,382 Main St,TRK26707221,6,MISSING,1495.98,83.11,2,0,0.0,0,0,0,0,0,0,0,0,0,0,0,0,0,0,0,0,0,0
ORD201142,2024-08-23,C23405,4,695.1,484 Main St,TRK83678708,8,MISSING,2780.4,86.8875,8,0,0.0,0,0,0,1,0,0,0,1,0,0,0,0,1,0,0,0,0,0
ORD201143,2023-04-03,C41132,1,381.61,114 Main St,TRK51040137,5,MISSING,381.61,76.322,4,0,0.0,0,0,0,0,0,0,0,1,0,0,0,1,0,0,0,0,0,0
ORD201144,2023-02-16,C88463,5,507.94,292 Main St,TRK88749996,9,MISSING,2539.7,56.437777777777775,2,0,0.0,1,0,0,0,0,0,0,0,0,1,0,0,0,0,1,0,0,0
ORD201145,2025-05-12,C28152,3,571.53,821 Main St,TRK59642814,6,FREESHIP,1714.59,95.255,5,1,0.0,1,0,0,0,0,0,0,1,0,0,1,0,0,0,1,0,0,0
ORD201146,2024-10-03,C36383,5,421.44,286 Main St,TRK93336357,5,SAVE10,2107.2,84.288,10,1,10.0,0,0,1,0,0,0,0,0,0,0,0,1,0,0,0,0,1,0
ORD201147,2025-01-02,C19759,2,588.3,234 Main St,TRK22515454,2,FREESHIP,1176.6,294.15,1,1,0.0,0,0,0,0,0,0,0,0,0,1,0,1,0,0,0,0,0,0
ORD201148,2024-06-25,C54886,1,355.15,442 Main St,TRK66241930,2,SAVE10,355.15,177.575,6,1,10.0,0,0,0,1,0,0,0,0,0,0,0,0,1,0,0,0,0,0
ORD201149,2024-07-25,C27305,2,695.29,957 Main St,TRK28789916,6,FREESHIP,1390.58,115.88166666666666,7,1,0.0,0,0,0,0,0,0,1,0,0,0,0,1,0,0,0,0,1,0
ORD201150,2023-02-20,C17921,4,302.65,119 Main St,TRK79291524,8,SAVE10,1210.6,37.83125,2,1,10.0,1,0,0,0,0,0,1,0,0,0,0,0,0,0,0,0,0,1
ORD201151,2023-01-29,C94381,2,608.04,962 Main St,TRK69804304,4,MISSING,1216.08,152.01,1,0,0.0,0,0,0,0,0,0,0,0,0,0,0,0,0,0,0,1,0,0
ORD201152,2023-11-09,C25162,2,344.18,533 Main St,TRK42183078,7,MISSING,688.36,49.16857142857143,11,0,0.0,0,0,0,0,0,1,1,0,0,0,0,0,0,1,0,0,0,1
ORD201153,2024-12-16,C98317,4,696.71,276 Main St,TRK37172138,4,MISSING,2786.84,174.1775,12,0,0.0,0,0,1,0,0,0,0,1,0,0,0,0,0,1,0,0,1,0
ORD201154,2025-06-11,C53631,3,198.63,593 Main St,TRK67589167,8,SAVE10,595.89,24.82875,6,1,10.0,0,0,1,0,0,0,0,0,0,0,0,1,0,0,0,0,1,0
ORD201155,2023-08-13,C41478,4,534.57,667 Main St,TRK62068126,6,FREESHIP,2138.28,89.09500000000001,8,1,0.0,0,0,0,0,1,0,1,0,0,0,1,0,0,0,1,0,0,0
ORD201156,2023-07-19,C20512,4,690.78,980 Main St,TRK98234737,9,MISSING,2763.12,76.75333333333333,7,0,0.0,0,1,0,0,0,0,1,0,0,0,0,0,0,1,0,0,0,1
ORD201157,2024-05-29,C25841,3,301.55,242 Main St,TRK21451375,5,FREESHIP,904.65,60.31,5,1,0.0,0,0,1,0,0,0,0,1,0,0,1,0,0,0,0,1,0,0
ORD201158,2023-04-20,C82781,4,27.42,661 Main St,TRK20605418,4,SAVE10,109.68,6.855,4,1,10.0,0,0,1,0,0,0,0,1,0,0,0,1,0,0,0,0,0,1
ORD201159,2024-02-23,C66112,4,466.7,874 Main St,TRK60955607,8,MISSING,1866.8,58.3375,2,0,0.0,1,0,0,0,0,0,0,1,0,0,0,0,1,0,0,0,1,0
ORD201160,2024-09-04,C40466,1,541.64,449 Main St,TRK70255168,5,SAVE10,541.64,108.328,9,1,10.0,1,0,0,0,0,0,0,1,0,0,0,0,0,1,0,0,0,0
ORD201161,2023-10-16,C32570,1,11.39,826 Main St,TRK35969968,6,WINTER15,11.39,1.8983333333333334,10,1,15.0,0,0,0,1,0,0,0,0,0,0,0,0,0,0,0,0,0,0
ORD201162,2025-03-11,C29405,2,224.37,251 Main St,TRK33125798,3,WINTER15,448.74,74.79,3,1,15.0,0,0,0,1,0,0,0,1,0,0,1,0,0,0,0,0,0,1
ORD201163,2024-06-11,C30643,3,306.29,966 Main St,TRK19477485,7,WINTER15,918.87,43.75571428571429,6,1,15.0,0,1,0,0,0,0,1,0,0,0,0,0,1,0,0,0,1,0
ORD201164,2024-01-08,C65890,5,315.57,340 Main St,TRK64530489,6,WINTER15,1577.85,52.595,1,1,15.0,0,0,0,0,0,1,0,1,0,0,1,0,0,0,0,0,0,0
ORD201165,2023-07-14,C36992,3,223.79,617 Main St,TRK63460217,3,MISSING,671.37,74.59666666666666,7,0,0.0,0,0,0,0,0,0,0,1,0,0,0,1,0,0,0,1,0,0
ORD201166,2023-07-31,C95568,3,324.47,971 Main St,TRK37075292,4,WINTER15,973.41,81.1175,7,1,15.0,0,0,0,0,0,0,0,0,0,0,1,0,0,0,0,0,0,0
ORD201167,2023-10-17,C17966,2,92.87,360 Main St,TRK31169396,5,FREESHIP,185.74,18.574,10,1,0.0,0,0,0,0,1,0,1,0,0,0,0,1,0,0,1,0,0,0
ORD201168,2023-04-08,C89559,2,331.42,297 Main St,TRK82838108,6,WINTER15,662.84,55.23666666666667,4,1,15.0,0,1,0,0,0,0,1,0,0,0,1,0,0,0,0,1,0,0
ORD201169,2024-12-23,C15849,1,525.43,643 Main St,TRK26794546,2,SAVE10,525.43,262.715,12,1,10.0,0,0,0,0,0,0,0,0,0,0,0,0,0,0,0,0,1,0
ORD201170,2023-08-03,C94257,2,697.19,762 Main St,TRK40220743,7,FREESHIP,1394.38,99.59857142857143,8,1,0.0,0,0,0,0,1,0,0,0,0,0,0,0,1,0,0,0,0,0
ORD201171,2023-08-28,C39911,4,518.4,699 Main St,TRK80431998,7,SAVE10,2073.6,74.05714285714285,8,1,10.0,0,0,0,1,0,0,1,0,0,0,1,0,0,0,1,0,0,0
ORD201172,2025-02-04,C28828,3,131.96,745 Main St,TRK32550359,8,MISSING,395.88,16.495,2,0,0.0,1,0,0,0,0,0,1,0,0,0,0,1,0,0,0,0,1,0
ORD201173,2024-10-04,C82921,1,208.36,703 Main St,TRK31079911,4,FREESHIP,208.36,52.09,10,1,0.0,0,0,1,0,0,0,0,0,0,1,0,0,0,1,0,0,0,0
ORD201174,2023-11-27,C50159,3,222.34,105 Main St,TRK53737452,5,WINTER15,667.02,44.468,11,1,15.0,0,0,0,0,1,0,1,0,0,0,0,0,1,0,0,0,0,0
ORD201175,2024-09-10,C62512,3,91.74,368 Main St,TRK24139954,8,FREESHIP,275.22,11.4675,9,1,0.0,0,0,0,0,1,0,0,1,0,0,0,0,1,0,0,0,0,1
ORD201176,2023-08-13,C39260,2,213.83,374 Main St,TRK55587314,2,WINTER15,427.66,106.915,8,1,15.0,0,0,0,0,0,1,0,1,0,0,0,0,0,0,0,0,0,0
ORD201177,2023-04-27,C23917,1,127.55,433 Main St,TRK44434536,3,SAVE10,127.55,42.516666666666666,4,1,10.0,0,0,0,0,1,0,0,0,0,0,0,0,0,1,0,0,0,1
ORD201178,2024-09-08,C65107,1,70.24,456 Main St,TRK10261578,4,FREESHIP,70.24,17.56,9,1,0.0,0,0,1,0,0,0,1,0,0,0,0,0,0,0,0,1,0,0
ORD201179,2023-01-08,C84630,5,518.55,907 Main St,TRK48054997,6,WINTER15,2592.75,86.425,1,1,15.0,0,1,0,0,0,0,1,0,0,0,0,0,0,0,0,0,1,0
ORD201180,2023-10-31,C42235,4,298.36,722 Main St,TRK49379882,8,FREESHIP,1193.44,37.295,10,1,0.0,0,0,0,0,0,0,0,1,0,0,0,1,0,0,0,1,0,0
ORD201181,2023-07-27,C70246,3,158.74,293 Main St,TRK45708320,7,FREESHIP,476.22,22.677142857142858,7,1,0.0,1,0,0,0,0,0,0,0,0,1,0,1,0,0,0,0,1,0
ORD201182,2025-06-14,C18473,2,420.29,700 Main St,TRK97834202,3,SAVE10,840.58,140.09666666666666,6,1,10.0,0,0,0,0,0,0,0,0,1,0,0,0,1,0,0,1,0,0
ORD201183,2023-04-05,C12607,1,281.52,460 Main St,TRK83653396,6,WINTER15,281.52,46.919999999999995,4,1,15.0,1,0,0,0,0,0,0,0,1,0,0,0,0,1,0,0,0,1
ORD201184,2023-09-27,C10222,1,204.08,979 Main St,TRK86297895,4,MISSING,204.08,51.02,9,0,0.0,0,1,0,0,0,0,0,0,1,0,0,0,1,0,0,1,0,0
ORD201185,2024-07-08,C77344,1,343.31,777 Main St,TRK20605055,6,SAVE10,343.31,57.218333333333334,7,1,10.0,0,0,0,0,0,0,0,0,1,0,0,0,1,0,0,1,0,0
ORD201186,2023-11-18,C65497,1,163.32,676 Main St,TRK83702761,6,WINTER15,163.32,27.22,11,1,15.0,0,0,1,0,0,0,0,0,0,0,0,0,0,1,1,0,0,0
ORD201187,2024-03-13,C26340,2,184.6,562 Main St,TRK59962703,7,WINTER15,369.2,26.37142857142857,3,1,15.0,1,0,0,0,0,0,0,0,1,0,1,0,0,0,0,0,0,0
ORD201188,2023-10-07,C75619,2,371.29,924 Main St,TRK23086941,5,WINTER15,742.58,74.25800000000001,10,1,15.0,0,0,0,0,1,0,0,0,1,0,0,0,0,1,1,0,0,0
ORD201189,2024-08-17,C96136,5,389.22,149 Main St,TRK60856682,7,MISSING,1946.1,55.60285714285715,8,0,0.0,0,0,0,0,0,1,0,0,0,0,0,0,0,0,0,0,0,1
ORD201190,2025-06-08,C46886,3,616.39,754 Main St,TRK82791646,6,FREESHIP,1849.17,102.73166666666667,6,1,0.0,1,0,0,0,0,0,1,0,0,0,0,0,0,1,0,0,1,0
ORD201191,2025-02-10,C44148,4,376.43,809 Main St,TRK67872709,5,WINTER15,1505.72,75.286,2,1,15.0,1,0,0,0,0,0,0,0,1,0,0,1,0,0,0,0,1,0
ORD201192,2024-02-28,C72007,3,432.85,999 Main St,TRK16240916,4,MISSING,1298.55,108.2125,2,0,0.0,0,0,0,0,0,0,0,0,0,1,0,1,0,0,0,0,1,0
ORD201193,2025-06-16,C45104,1,687.89,348 Main St,TRK38559816,1,FREESHIP,687.89,687.89,6,1,0.0,0,0,0,0,0,1,0,0,0,0,0,0,1,0,0,0,0,0
ORD201194,2023-11-19,C29885,3,189.44,725 Main St,TRK62067865,4,FREESHIP,568.32,47.36,11,1,0.0,0,0,0,0,1,0,0,0,0,0,0,1,0,0,0,0,0,0
ORD201195,2024-06-20,C21126,1,107.04,392 Main St,TRK38009181,6,FREESHIP,107.04,17.84,6,1,0.0,1,0,0,0,0,0,1,0,0,0,0,0,0,0,0,1,0,0
ORD201196,2024-03-04,C20095,2,662.53,778 Main St,TRK69207593,5,MISSING,1325.06,132.506,3,0,0.0,0,0,1,0,0,0,0,0,0,1,0,0,0,0,1,0,0,0
ORD201197,2023-07-13,C79674,2,436.84,275 Main St,TRK88039356,2,FREESHIP,873.68,218.42,7,1,0.0,0,0,0,0,0,1,0,0,0,1,1,0,0,0,0,0,1,0
ORD201198,2024-08-22,C64753,4,262.52,509 Main St,TRK71683331,4,WINTER15,1050.08,65.63,8,1,15.0,0,0,0,0,0,0,0,1,0,0,0,0,0,0,0,0,1,0
ORD201199,2023-06-11,C57502,4,560.58,201 Main St,TRK51116746,6,SAVE10,2242.32,93.43,6,1,10.0,0,0,0,0,0,1,0,0,1,0,0,0,1,0,0,0,0,1
